location_id,date,temperature,pressure,humidity,cloudy,precipitation,season,is_weekend,population,elevation,month_01,month_02,month_03,month_04,month_05,month_06,month_07,month_08,month_09,month_10,month_11,month_12
13,2022-06-27,77.53999999999999,987.112676056338,0.97,0,0,summer,0,68818,310,0,0,0,0,0,1,0,0,0,0,0,0
12,2022-04-29,47.120000000000005,979.0845070422536,0.99,0,0,summer,0,196528,436,0,0,0,1,0,0,0,0,0,0,0,0
11,2022-09-08,65.84,991.1267605633802,0.8,1,0,winter,0,121465,398,0,0,0,0,0,0,0,0,1,0,0,0
13,2022-09-12,56.48,1008.9671361502348,0.57,0,0,winter,0,68818,310,0,0,0,0,0,0,0,0,1,0,0,0
12,2022-04-18,50.0,1040.856807511737,0.88,0,0,summer,0,196528,436,0,0,0,1,0,0,0,0,0,0,0,0
12,2022-03-31,43.16,1003.169014084507,1.0,1,1,winter,0,196528,436,0,0,1,0,0,0,0,0,0,0,0,0
13,2022-06-20,72.32,988.450704225352,0.78,0,0,summer,0,68818,310,0,0,0,0,0,1,0,0,0,0,0,0
13,2022-10-08,43.34,989.3427230046948,0.44,0,0,winter,1,68818,310,0,0,0,0,0,0,0,0,0,1,0,0
11,2022-01-05,9.32,969.2723004694836,0.0,0,0,winter,0,121465,398,1,0,0,0,0,0,0,0,0,0,0,0
11,2022-01-28,10.22,1023.9084507042254,0.61,0,0,winter,0,121465,398,1,0,0,0,0,0,0,0,0,0,0,0
13,2022-05-04,46.4,1023.0164319248828,0.9,0,0,summer,0,68818,310,0,0,0,0,1,0,0,0,0,0,0,0
13,2022-07-20,72.5,963.9201877934272,0.94,1,1,summer,0,68818,310,0,0,0,0,0,0,1,0,0,0,0,0
13,2022-07-01,80.78,1009.413145539906,0.98,0,0,summer,0,68818,310,0,0,0,0,0,0,1,0,0,0,0,0
13,2022-02-06,21.92,985.1056338028168,0.79,0,0,winter,1,68818,310,0,1,0,0,0,0,0,0,0,0,0,0
11,2022-03-17,32.18,971.725352112676,0.89,0,0,winter,0,121465,398,0,0,1,0,0,0,0,0,0,0,0,0
13,2022-03-30,33.44,971.9483568075116,0.51,1,1,winter,0,68818,310,0,0,1,0,0,0,0,0,0,0,0,0
12,2022-10-11,49.82,1004.7300469483567,0.58,0,0,winter,0,196528,436,0,0,0,0,0,0,0,0,0,1,0,0
11,2022-09-01,66.92,970.387323943662,0.72,0,0,winter,0,121465,398,0,0,0,0,0,0,0,0,1,0,0,0
12,2022-07-19,76.1,964.5892018779344,0.83,0,0,summer,0,196528,436,0,0,0,0,0,0,1,0,0,0,0,0
12,2022-10-07,41.9,1041.3028169014085,0.38,0,0,winter,0,196528,436,0,0,0,0,0,0,0,0,0,1,0,0
11,2022-03-18,37.58,971.9483568075116,0.98,0,0,winter,0,121465,398,0,0,1,0,0,0,0,0,0,0,0,0
12,2022-02-15,19.76,996.255868544601,0.0,1,0,winter,0,196528,436,0,1,0,0,0,0,0,0,0,0,0,0
11,2022-05-13,54.68,1012.0892018779344,0.84,0,0,summer,0,121465,398,0,0,0,0,1,0,0,0,0,0,0,0
11,2022-02-10,20.12,1035.7276995305165,0.87,1,0,winter,0,121465,398,0,1,0,0,0,0,0,0,0,0,0,0
12,2022-08-13,82.75999999999999,1013.4272300469484,0.96,1,0,summer,1,196528,436,0,0,0,0,0,0,0,1,0,0,0,0
13,2022-03-23,22.28,1016.3262910798122,0.54,0,0,winter,0,68818,310,0,0,1,0,0,0,0,0,0,0,0,0
13,2022-10-02,47.120000000000005,983.9906103286384,0.97,0,0,winter,1,68818,310,0,0,0,0,0,0,0,0,0,1,0,0
11,2022-07-03,67.64,1031.93661971831,0.89,0,0,summer,1,121465,398,0,0,0,0,0,0,1,0,0,0,0,0
11,2022-08-07,76.1,1013.650234741784,0.82,0,0,summer,1,121465,398,0,0,0,0,0,0,0,1,0,0,0,0
11,2022-09-26,59.72,1039.2957746478874,0.85,0,0,winter,0,121465,398,0,0,0,0,0,0,0,0,1,0,0,0
13,2022-03-15,25.34,1025.0234741784038,0.68,0,0,winter,0,68818,310,0,0,1,0,0,0,0,0,0,0,0,0
11,2022-04-12,45.32,1015.2112676056338,0.96,1,0,summer,0,121465,398,0,0,0,1,0,0,0,0,0,0,0,0
11,2022-05-28,67.28,1019.0023474178404,0.65,1,1,summer,1,121465,398,0,0,0,0,1,0,0,0,0,0,0,0
13,2022-06-13,62.42,989.5657276995304,0.77,0,0,summer,0,68818,310,0,0,0,0,0,1,0,0,0,0,0,0
13,2022-05-06,59.540000000000006,1020.56338028169,0.4,0,0,summer,0,68818,310,0,0,0,0,1,0,0,0,0,0,0,0
12,2022-01-08,27.86,1034.3896713615022,0.96,1,0,winter,1,196528,436,1,0,0,0,0,0,0,0,0,0,0,0
12,2022-06-18,78.80000000000001,963.2511737089202,1.0,0,0,summer,1,196528,436,0,0,0,0,0,1,0,0,0,0,0,0
11,2022-07-01,66.2,970.387323943662,0.95,1,1,summer,0,121465,398,0,0,0,0,0,0,1,0,0,0,0,0
13,2022-04-09,33.44,1024.800469483568,0.93,0,0,summer,1,68818,310,0,0,0,1,0,0,0,0,0,0,0,0
11,2022-06-30,68.72,970.387323943662,0.67,1,1,summer,0,121465,398,0,0,0,0,0,1,0,0,0,0,0,0
13,2022-06-02,62.96,967.2652582159624,0.51,0,0,summer,0,68818,310,0,0,0,0,0,1,0,0,0,0,0,0
12,2022-08-24,72.68,959.237089201878,0.63,0,0,summer,0,196528,436,0,0,0,0,0,0,0,1,0,0,0,0
11,2022-07-28,75.38,999.600938967136,0.82,0,0,summer,0,121465,398,0,0,0,0,0,0,1,0,0,0,0,0
11,2022-04-24,38.48,963.2511737089202,0.58,0,0,summer,1,121465,398,0,0,0,1,0,0,0,0,0,0,0,0
13,2022-01-15,13.099999999999998,1044.2018779342725,0.73,1,0,winter,1,68818,310,1,0,0,0,0,0,0,0,0,0,0,0
13,2022-04-12,33.62,969.049295774648,0.43,1,1,summer,0,68818,310,0,0,0,1,0,0,0,0,0,0,0,0
12,2022-01-31,22.28,961.0211267605632,1.0,1,1,winter,0,196528,436,1,0,0,0,0,0,0,0,0,0,0,0
11,2022-06-10,73.58000000000001,990.9037558685446,0.8,0,0,summer,0,121465,398,0,0,0,0,0,1,0,0,0,0,0,0
12,2022-06-27,75.02,960.575117370892,0.87,0,0,summer,0,196528,436,0,0,0,0,0,1,0,0,0,0,0,0
12,2022-06-28,74.30000000000001,1021.0093896713616,1.0,0,0,summer,0,196528,436,0,0,0,0,0,1,0,0,0,0,0,0
12,2022-09-06,55.76,1001.830985915493,0.6,0,0,winter,0,196528,436,0,0,0,0,0,0,0,0,1,0,0,0
11,2022-06-13,60.620000000000005,993.5798122065728,0.76,0,0,summer,0,121465,398,0,0,0,0,0,1,0,0,0,0,0,0
13,2022-08-25,60.44,995.1408450704224,0.9,0,0,summer,0,68818,310,0,0,0,0,0,0,0,1,0,0,0,0
12,2022-09-01,59.72,973.06338028169,0.79,1,1,winter,0,196528,436,0,0,0,0,0,0,0,0,1,0,0,0
13,2022-04-25,38.48,1021.9014084507044,0.57,0,0,summer,0,68818,310,0,0,0,1,0,0,0,0,0,0,0,0
12,2022-05-22,70.34,1035.5046948356808,0.58,0,0,summer,1,196528,436,0,0,0,0,1,0,0,0,0,0,0,0
13,2022-01-24,14.54,1014.0962441314554,0.0,1,1,winter,0,68818,310,1,0,0,0,0,0,0,0,0,0,0,0
11,2022-04-09,38.66,963.474178403756,0.92,1,1,summer,1,121465,398,0,0,0,1,0,0,0,0,0,0,0,0
13,2022-01-20,8.779999999999998,998.7089201877934,0.96,0,0,winter,0,68818,310,1,0,0,0,0,0,0,0,0,0,0,0
13,2022-03-02,32.54,1028.8145539906104,0.81,0,0,winter,0,68818,310,0,0,1,0,0,0,0,0,0,0,0,0
13,2022-09-30,48.02,1002.2769953051644,0.85,0,0,winter,0,68818,310,0,0,0,0,0,0,0,0,1,0,0,0
12,2022-06-12,68.0,984.8826291079812,0.86,0,0,summer,1,196528,436,0,0,0,0,0,1,0,0,0,0,0,0
13,2022-09-01,67.82,971.9483568075116,0.95,1,1,winter,0,68818,310,0,0,0,0,0,0,0,0,1,0,0,0
11,2022-07-08,75.38,1004.5070422535211,0.86,0,0,summer,0,121465,398,0,0,0,0,0,0,1,0,0,0,0,0
13,2022-05-19,55.040000000000006,971.9483568075116,0.71,1,1,summer,0,68818,310,0,0,0,0,1,0,0,0,0,0,0,0
13,2022-10-24,44.24,970.8333333333334,0.56,1,1,winter,0,68818,310,0,0,0,0,0,0,0,0,0,1,0,0
13,2022-08-15,68.72,1034.612676056338,0.9,0,0,summer,0,68818,310,0,0,0,0,0,0,0,1,0,0,0,0
12,2022-01-20,16.52,969.7183098591548,0.35,0,0,winter,0,196528,436,1,0,0,0,0,0,0,0,0,0,0,0
12,2022-02-19,28.22,1010.3051643192488,0.94,1,0,winter,1,196528,436,0,1,0,0,0,0,0,0,0,0,0,0
13,2022-06-21,63.5,1039.518779342723,0.93,1,0,summer,0,68818,310,0,0,0,0,0,1,0,0,0,0,0,0
12,2022-03-24,26.78,1022.793427230047,0.11,0,0,winter,0,196528,436,0,0,1,0,0,0,0,0,0,0,0,0
11,2022-09-19,61.34,985.9976525821596,0.98,1,0,winter,0,121465,398,0,0,0,0,0,0,0,0,1,0,0,0
13,2022-08-04,60.08,1027.2535211267605,0.88,0,0,summer,0,68818,310,0,0,0,0,0,0,0,1,0,0,0,0
11,2022-07-11,79.7,1001.3849765258216,0.96,0,0,summer,0,121465,398,0,0,0,0,0,0,1,0,0,0,0,0
11,2022-08-27,65.84,967.7112676056338,0.77,1,1,summer,1,121465,398,0,0,0,0,0,0,0,1,0,0,0,0
13,2022-03-26,22.64,990.4577464788732,0.55,0,0,winter,1,68818,310,0,0,1,0,0,0,0,0,0,0,0,0
13,2022-01-17,16.159999999999997,1033.274647887324,0.99,1,0,winter,0,68818,310,1,0,0,0,0,0,0,0,0,0,0,0
13,2022-09-03,67.28,1002.5,0.93,0,0,winter,1,68818,310,0,0,0,0,0,0,0,0,1,0,0,0
12,2022-04-17,41.54,995.586854460094,0.84,0,0,summer,1,196528,436,0,0,0,1,0,0,0,0,0,0,0,0
12,2022-03-14,37.58,1037.2887323943662,0.88,0,0,winter,0,196528,436,0,0,1,0,0,0,0,0,0,0,0,0
13,2022-08-16,73.58000000000001,993.5798122065728,0.98,0,0,summer,0,68818,310,0,0,0,0,0,0,0,1,0,0,0,0
13,2022-10-12,53.78,1011.8661971830986,0.64,0,0,winter,0,68818,310,0,0,0,0,0,0,0,0,0,1,0,0
13,2022-01-05,17.96,974.62441314554,0.0,0,0,winter,0,68818,310,1,0,0,0,0,0,0,0,0,0,0,0
13,2022-07-03,67.1,1014.3192488262912,0.55,0,0,summer,1,68818,310,0,0,0,0,0,0,1,0,0,0,0,0
11,2022-02-08,23.0,1016.3262910798122,0.97,1,0,winter,0,121465,398,0,1,0,0,0,0,0,0,0,0,0,0
12,2022-03-05,41.54,1026.5845070422536,0.34,0,0,winter,1,196528,436,0,0,1,0,0,0,0,0,0,0,0,0
13,2022-08-29,72.32,959.906103286385,1.0,0,0,summer,0,68818,310,0,0,0,0,0,0,0,1,0,0,0,0
12,2022-02-14,28.22,1025.2464788732395,0.41,0,0,winter,0,196528,436,0,1,0,0,0,0,0,0,0,0,0,0
12,2022-07-07,84.02,1001.161971830986,0.89,1,1,summer,0,196528,436,0,0,0,0,0,0,1,0,0,0,0,0
13,2022-09-04,54.32,963.9201877934272,0.53,0,0,winter,1,68818,310,0,0,0,0,0,0,0,0,1,0,0,0
11,2022-01-11,10.4,1037.2887323943662,0.76,0,0,winter,0,121465,398,1,0,0,0,0,0,0,0,0,0,0,0
13,2022-09-24,50.72,996.7018779342724,0.92,1,0,winter,1,68818,310,0,0,0,0,0,0,0,0,1,0,0,0
13,2022-02-05,9.14,983.5446009389672,0.7,1,0,winter,1,68818,310,0,1,0,0,0,0,0,0,0,0,0,0
13,2022-04-04,38.84,964.81220657277,0.86,1,1,summer,0,68818,310,0,0,0,1,0,0,0,0,0,0,0,0
11,2022-04-15,53.24,974.4014084507044,0.76,0,0,summer,0,121465,398,0,0,0,1,0,0,0,0,0,0,0,0
12,2022-07-09,84.74000000000001,960.3521126760564,1.0,1,1,summer,1,196528,436,0,0,0,0,0,0,1,0,0,0,0,0
13,2022-10-30,44.96,961.4671361502348,0.99,1,1,winter,1,68818,310,0,0,0,0,0,0,0,0,0,1,0,0
11,2022-01-22,13.82,1036.3967136150234,0.0,0,0,winter,1,121465,398,1,0,0,0,0,0,0,0,0,0,0,0
13,2022-08-10,65.66,1010.0821596244132,0.79,0,0,summer,0,68818,310,0,0,0,0,0,0,0,1,0,0,0,0
12,2022-04-08,42.26,1008.9671361502348,0.57,0,0,summer,0,196528,436,0,0,0,1,0,0,0,0,0,0,0,0
11,2022-06-17,68.72,1008.075117370892,0.52,0,0,summer,0,121465,398,0,0,0,0,0,1,0,0,0,0,0,0
12,2022-03-03,29.48,1033.720657276995,0.95,1,0,winter,0,196528,436,0,0,1,0,0,0,0,0,0,0,0,0
13,2022-04-24,44.96,1003.169014084507,0.45,0,0,summer,1,68818,310,0,0,0,1,0,0,0,0,0,0,0,0
11,2022-08-19,63.68000000000001,1034.8356807511736,0.92,1,0,summer,0,121465,398,0,0,0,0,0,0,0,1,0,0,0,0
12,2022-06-16,80.96000000000001,973.2863849765258,0.78,0,0,summer,0,196528,436,0,0,0,0,0,1,0,0,0,0,0,0
13,2022-04-19,39.02,1001.6079812206572,0.34,1,1,summer,0,68818,310,0,0,0,1,0,0,0,0,0,0,0,0
13,2022-01-06,15.98,982.8755868544602,0.35,0,0,winter,0,68818,310,1,0,0,0,0,0,0,0,0,0,0,0
13,2022-07-10,62.78,983.9906103286384,0.79,0,0,summer,1,68818,310,0,0,0,0,0,0,1,0,0,0,0,0
13,2022-01-16,8.240000000000002,1002.2769953051644,0.0,0,1,winter,1,68818,310,1,0,0,0,0,0,0,0,0,0,0,0
12,2022-06-24,75.74000000000001,959.4600938967136,0.71,0,0,summer,0,196528,436,0,0,0,0,0,1,0,0,0,0,0,0
12,2022-10-27,53.24,961.0211267605632,0.46,0,0,winter,0,196528,436,0,0,0,0,0,0,0,0,0,1,0,0
12,2022-03-09,32.54,1024.3544600938967,0.89,0,0,winter,0,196528,436,0,0,1,0,0,0,0,0,0,0,0,0
13,2022-06-07,71.06,961.6901408450703,0.94,0,0,summer,0,68818,310,0,0,0,0,0,1,0,0,0,0,0,0
12,2022-01-09,13.82,1002.5,0.54,1,0,winter,1,196528,436,1,0,0,0,0,0,0,0,0,0,0,0
13,2022-07-18,78.80000000000001,988.450704225352,0.96,0,0,summer,0,68818,310,0,0,0,0,0,0,1,0,0,0,0,0
11,2022-09-15,53.24,982.6525821596244,0.95,1,0,winter,0,121465,398,0,0,0,0,0,0,0,0,1,0,0,0
12,2022-06-15,80.24000000000001,994.2488262910798,0.95,1,1,summer,0,196528,436,0,0,0,0,0,1,0,0,0,0,0,0
13,2022-05-21,60.8,989.1197183098592,0.96,1,1,summer,1,68818,310,0,0,0,0,1,0,0,0,0,0,0,0
12,2022-10-21,41.0,1022.3474178403756,0.93,1,0,winter,0,196528,436,0,0,0,0,0,0,0,0,0,1,0,0
13,2022-02-08,10.579999999999998,986.443661971831,0.0,0,0,winter,0,68818,310,0,1,0,0,0,0,0,0,0,0,0,0
11,2022-02-18,15.8,967.7112676056338,0.0,1,1,winter,0,121465,398,0,1,0,0,0,0,0,0,0,0,0,0
11,2022-04-25,47.120000000000005,1023.462441314554,0.9,0,0,summer,0,121465,398,0,0,0,1,0,0,0,0,0,0,0,0
12,2022-02-08,14.36,1024.800469483568,0.0,1,1,winter,0,196528,436,0,1,0,0,0,0,0,0,0,0,0,0
12,2022-10-26,56.48,1032.605633802817,0.7,1,0,winter,0,196528,436,0,0,0,0,0,0,0,0,0,1,0,0
12,2022-08-30,71.42,976.8544600938968,0.65,1,1,summer,0,196528,436,0,0,0,0,0,0,0,1,0,0,0,0
12,2022-04-05,46.04,1038.1807511737088,0.96,1,0,summer,0,196528,436,0,0,0,1,0,0,0,0,0,0,0,0
13,2022-02-13,21.56,1015.2112676056338,0.08,0,0,winter,1,68818,310,0,1,0,0,0,0,0,0,0,0,0,0
12,2022-03-15,27.86,1004.0610328638496,0.61,0,0,winter,0,196528,436,0,0,1,0,0,0,0,0,0,0,0,0
12,2022-06-10,63.68000000000001,1018.3333333333334,0.97,0,0,summer,0,196528,436,0,0,0,0,0,1,0,0,0,0,0,0
13,2022-02-15,15.98,1045.093896713615,0.54,1,0,winter,0,68818,310,0,1,0,0,0,0,0,0,0,0,0,0
11,2022-08-21,71.78,1042.4178403755868,0.93,0,0,summer,1,121465,398,0,0,0,0,0,0,0,1,0,0,0,0
11,2022-07-16,80.24000000000001,1029.9295774647887,0.94,0,0,summer,1,121465,398,0,0,0,0,0,0,1,0,0,0,0,0
12,2022-09-19,75.2,996.4788732394368,0.69,1,0,winter,0,196528,436,0,0,0,0,0,0,0,0,1,0,0,0
11,2022-03-07,26.96,1004.7300469483567,0.5,1,1,winter,0,121465,398,0,0,1,0,0,0,0,0,0,0,0,0
11,2022-06-18,67.28,961.244131455399,0.84,0,0,summer,1,121465,398,0,0,0,0,0,1,0,0,0,0,0,0
12,2022-10-29,56.84,1033.943661971831,0.96,1,0,winter,1,196528,436,0,0,0,0,0,0,0,0,0,1,0,0
13,2022-07-23,77.18,1043.086854460094,0.69,0,0,summer,1,68818,310,0,0,0,0,0,0,1,0,0,0,0,0
11,2022-02-05,16.340000000000003,992.9107981220656,0.0,0,0,winter,1,121465,398,0,1,0,0,0,0,0,0,0,0,0,0
13,2022-06-30,81.14,1015.4342723004696,0.99,1,1,summer,0,68818,310,0,0,0,0,0,1,0,0,0,0,0,0
11,2022-04-23,41.54,998.7089201877934,0.62,1,0,summer,1,121465,398,0,0,0,1,0,0,0,0,0,0,0,0
12,2022-08-28,79.52,965.0352112676056,0.96,1,1,summer,1,196528,436,0,0,0,0,0,0,0,1,0,0,0,0
13,2022-06-06,62.78,1005.8450704225352,0.89,0,0,summer,0,68818,310,0,0,0,0,0,1,0,0,0,0,0,0
12,2022-04-16,40.1,995.8098591549297,0.43,0,0,summer,1,196528,436,0,0,0,1,0,0,0,0,0,0,0,0
11,2022-04-16,41.18,985.774647887324,0.98,1,1,summer,1,121465,398,0,0,0,1,0,0,0,0,0,0,0,0
13,2022-06-09,72.86,1037.957746478873,0.63,0,0,summer,0,68818,310,0,0,0,0,0,1,0,0,0,0,0,0
11,2022-09-27,51.98,973.7323943661972,1.0,1,1,winter,0,121465,398,0,0,0,0,0,0,0,0,1,0,0,0
11,2022-02-02,14.18,957.2300469483567,0.97,1,0,winter,0,121465,398,0,1,0,0,0,0,0,0,0,0,0,0
11,2022-07-15,77.0,974.4014084507044,0.7,1,1,summer,0,121465,398,0,0,0,0,0,0,1,0,0,0,0,0
11,2022-02-01,17.06,957.6760563380282,0.49,1,1,winter,0,121465,398,0,1,0,0,0,0,0,0,0,0,0,0
13,2022-10-25,37.04,969.9413145539908,0.86,1,1,winter,0,68818,310,0,0,0,0,0,0,0,0,0,1,0,0
11,2022-02-15,14.36,1007.1830985915492,0.73,1,0,winter,0,121465,398,0,1,0,0,0,0,0,0,0,0,0,0
11,2022-05-06,67.28,977.5234741784036,0.94,1,1,summer,0,121465,398,0,0,0,0,1,0,0,0,0,0,0,0
13,2022-04-26,41.72,1035.0586854460091,0.84,0,0,summer,0,68818,310,0,0,0,1,0,0,0,0,0,0,0,0
12,2022-07-03,75.56,1020.1173708920188,0.61,0,0,summer,1,196528,436,0,0,0,0,0,0,1,0,0,0,0,0
12,2022-03-07,35.6,982.206572769953,0.28,0,0,winter,0,196528,436,0,0,1,0,0,0,0,0,0,0,0,0
11,2022-05-16,67.46000000000001,979.5305164319248,0.84,1,1,summer,0,121465,398,0,0,0,0,1,0,0,0,0,0,0,0
11,2022-03-04,31.1,982.4295774647888,0.52,1,1,winter,0,121465,398,0,0,1,0,0,0,0,0,0,0,0,0
11,2022-04-30,48.74,1001.6079812206572,0.61,0,0,summer,1,121465,398,0,0,0,1,0,0,0,0,0,0,0,0
11,2022-10-11,51.44,967.488262910798,0.88,0,0,winter,0,121465,398,0,0,0,0,0,0,0,0,0,1,0,0
12,2022-05-05,51.44,959.906103286385,0.88,1,1,summer,0,196528,436,0,0,0,0,1,0,0,0,0,0,0,0
13,2022-09-25,66.74000000000001,1035.5046948356808,0.87,0,0,winter,1,68818,310,0,0,0,0,0,0,0,0,1,0,0,0
13,2022-07-05,72.68,975.7394366197184,0.92,1,1,summer,0,68818,310,0,0,0,0,0,0,1,0,0,0,0,0
13,2022-09-19,49.64,1033.720657276995,0.89,1,0,winter,0,68818,310,0,0,0,0,0,0,0,0,1,0,0,0
12,2022-08-26,71.78,1005.1760563380282,0.91,1,1,summer,0,196528,436,0,0,0,0,0,0,0,1,0,0,0,0
12,2022-03-22,26.78,958.5680751173708,0.97,1,1,winter,0,196528,436,0,0,1,0,0,0,0,0,0,0,0,0
12,2022-04-25,55.94,985.9976525821596,0.79,1,0,summer,0,196528,436,0,0,0,1,0,0,0,0,0,0,0,0
12,2022-07-06,74.66,977.0774647887324,0.99,1,1,summer,0,196528,436,0,0,0,0,0,0,1,0,0,0,0,0
12,2022-06-11,80.06,1007.1830985915492,0.98,0,0,summer,1,196528,436,0,0,0,0,0,1,0,0,0,0,0,0
13,2022-05-31,75.56,1004.7300469483567,0.84,1,1,summer,0,68818,310,0,0,0,0,1,0,0,0,0,0,0,0
12,2022-09-03,57.02,963.6971830985916,0.83,0,0,winter,1,196528,436,0,0,0,0,0,0,0,0,1,0,0,0
13,2022-09-29,70.16,964.3661971830986,0.66,0,0,winter,0,68818,310,0,0,0,0,0,0,0,0,1,0,0,0
11,2022-10-15,55.58,958.3450704225352,0.97,1,1,winter,1,121465,398,0,0,0,0,0,0,0,0,0,1,0,0
13,2022-09-15,69.44,1042.8638497652582,0.98,0,0,winter,0,68818,310,0,0,0,0,0,0,0,0,1,0,0,0
13,2022-03-31,47.48,1029.2605633802816,0.94,0,0,winter,0,68818,310,0,0,1,0,0,0,0,0,0,0,0,0
11,2022-10-22,56.48,995.586854460094,0.69,0,0,winter,1,121465,398,0,0,0,0,0,0,0,0,0,1,0,0
13,2022-05-18,66.2,1043.086854460094,0.9,1,1,summer,0,68818,310,0,0,0,0,1,0,0,0,0,0,0,0
12,2022-05-19,53.24,977.0774647887324,0.62,0,0,summer,0,196528,436,0,0,0,0,1,0,0,0,0,0,0,0
11,2022-08-25,73.22,991.5727699530516,0.99,0,0,summer,0,121465,398,0,0,0,0,0,0,0,1,0,0,0,0
12,2022-01-02,20.12,991.7957746478874,0.93,1,1,winter,1,196528,436,1,0,0,0,0,0,0,0,0,0,0,0
11,2022-09-12,63.86,1016.9953051643192,0.55,0,0,winter,0,121465,398,0,0,0,0,0,0,0,0,1,0,0,0
11,2022-06-28,72.5,958.3450704225352,0.94,1,1,summer,0,121465,398,0,0,0,0,0,1,0,0,0,0,0,0
12,2022-04-03,50.36,981.537558685446,0.91,0,0,summer,1,196528,436,0,0,0,1,0,0,0,0,0,0,0,0
12,2022-07-02,69.62,1006.2910798122066,0.75,0,0,summer,1,196528,436,0,0,0,0,0,0,1,0,0,0,0,0
12,2022-08-10,79.34,1021.2323943661972,0.96,1,1,summer,0,196528,436,0,0,0,0,0,0,0,1,0,0,0,0
13,2022-04-22,42.08,983.3215962441316,0.93,0,0,summer,0,68818,310,0,0,0,1,0,0,0,0,0,0,0,0
11,2022-03-16,25.7,972.8403755868544,0.99,1,1,winter,0,121465,398,0,0,1,0,0,0,0,0,0,0,0,0
11,2022-05-02,49.64,1016.9953051643192,0.42,0,0,summer,0,121465,398,0,0,0,0,1,0,0,0,0,0,0,0
11,2022-10-05,48.2,976.4084507042254,0.96,1,1,winter,0,121465,398,0,0,0,0,0,0,0,0,0,1,0,0
11,2022-05-09,66.2,1026.5845070422536,0.73,0,0,summer,0,121465,398,0,0,0,0,1,0,0,0,0,0,0,0
13,2022-04-10,40.1,974.4014084507044,0.37,0,0,summer,1,68818,310,0,0,0,1,0,0,0,0,0,0,0,0
13,2022-08-11,77.36,1039.518779342723,0.97,1,0,summer,0,68818,310,0,0,0,0,0,0,0,1,0,0,0,0
11,2022-04-20,47.66,958.7910798122066,0.44,1,1,summer,0,121465,398,0,0,0,1,0,0,0,0,0,0,0,0
13,2022-09-21,66.38,994.6948356807512,0.99,0,0,winter,0,68818,310,0,0,0,0,0,0,0,0,1,0,0,0
13,2022-05-17,62.42,1035.281690140845,1.0,0,0,summer,0,68818,310,0,0,0,0,1,0,0,0,0,0,0,0
13,2022-05-13,67.1,1000.7159624413146,0.8,0,0,summer,0,68818,310,0,0,0,0,1,0,0,0,0,0,0,0
13,2022-04-14,45.5,990.011737089202,0.46,0,0,summer,0,68818,310,0,0,0,1,0,0,0,0,0,0,0,0
11,2022-04-14,45.68,1016.9953051643192,0.84,0,0,summer,0,121465,398,0,0,0,1,0,0,0,0,0,0,0,0
11,2022-01-17,14.72,1031.044600938967,0.8,1,0,winter,0,121465,398,1,0,0,0,0,0,0,0,0,0,0,0
12,2022-05-29,48.38,999.8239436619718,0.53,0,0,summer,1,196528,436,0,0,0,0,1,0,0,0,0,0,0,0
11,2022-06-20,64.4,989.5657276995304,0.86,1,1,summer,0,121465,398,0,0,0,0,0,1,0,0,0,0,0,0
11,2022-02-17,17.78,1013.8732394366198,0.22,0,0,winter,0,121465,398,0,1,0,0,0,0,0,0,0,0,0,0
11,2022-03-09,33.26,960.7981220657276,0.76,1,1,winter,0,121465,398,0,0,1,0,0,0,0,0,0,0,0,0
11,2022-05-03,62.6,1016.3262910798122,0.8,0,0,summer,0,121465,398,0,0,0,0,1,0,0,0,0,0,0,0
12,2022-08-04,67.64,995.586854460094,0.96,1,0,summer,0,196528,436,0,0,0,0,0,0,0,1,0,0,0,0
12,2022-07-29,67.64,977.300469483568,0.98,1,1,summer,0,196528,436,0,0,0,0,0,0,1,0,0,0,0,0
13,2022-07-06,79.16,975.5164319248828,0.8,0,1,summer,0,68818,310,0,0,0,0,0,0,1,0,0,0,0,0
13,2022-03-07,36.14,969.9413145539908,1.0,1,1,winter,0,68818,310,0,0,1,0,0,0,0,0,0,0,0,0
12,2022-02-12,18.68,1010.5281690140844,0.62,0,0,winter,1,196528,436,0,1,0,0,0,0,0,0,0,0,0,0
12,2022-05-01,66.2,997.3708920187794,0.82,0,0,summer,1,196528,436,0,0,0,0,1,0,0,0,0,0,0,0
12,2022-01-07,21.56,959.6830985915492,0.62,1,1,winter,0,196528,436,1,0,0,0,0,0,0,0,0,0,0,0
12,2022-08-09,63.68000000000001,970.6103286384975,0.96,0,0,summer,0,196528,436,0,0,0,0,0,0,0,1,0,0,0,0
12,2022-06-23,61.88,980.199530516432,0.84,1,1,summer,0,196528,436,0,0,0,0,0,1,0,0,0,0,0,0
11,2022-10-30,56.120000000000005,978.861502347418,0.87,0,0,winter,1,121465,398,0,0,0,0,0,0,0,0,0,1,0,0
11,2022-10-20,48.92,993.1338028169014,0.89,1,1,winter,0,121465,398,0,0,0,0,0,0,0,0,0,1,0,0
13,2022-07-09,67.82,971.5023474178404,0.6,0,0,summer,1,68818,310,0,0,0,0,0,0,1,0,0,0,0,0
13,2022-08-24,57.38,997.3708920187794,1.0,1,0,summer,0,68818,310,0,0,0,0,0,0,0,1,0,0,0,0
13,2022-03-27,39.38,997.8169014084508,0.99,1,1,winter,1,68818,310,0,0,1,0,0,0,0,0,0,0,0,0
11,2022-07-13,78.98,1035.7276995305165,0.98,1,0,summer,0,121465,398,0,0,0,0,0,0,1,0,0,0,0,0
11,2022-04-11,52.7,1003.169014084507,0.97,1,0,summer,0,121465,398,0,0,0,1,0,0,0,0,0,0,0,0
13,2022-03-18,23.72,1037.2887323943662,0.87,0,0,winter,0,68818,310,0,0,1,0,0,0,0,0,0,0,0,0
13,2022-05-28,54.86,1023.2394366197184,0.24,1,1,summer,1,68818,310,0,0,0,0,1,0,0,0,0,0,0,0
13,2022-08-27,73.03999999999999,1044.8708920187794,0.98,1,0,summer,1,68818,310,0,0,0,0,0,0,0,1,0,0,0,0
11,2022-03-29,38.3,1010.7511737089202,0.72,0,0,winter,0,121465,398,0,0,1,0,0,0,0,0,0,0,0,0
13,2022-08-09,72.14,972.8403755868544,0.71,0,0,summer,0,68818,310,0,0,0,0,0,0,0,1,0,0,0,0
12,2022-07-13,78.44,970.6103286384975,0.97,1,1,summer,0,196528,436,0,0,0,0,0,0,1,0,0,0,0,0
13,2022-10-19,51.08,995.1408450704224,0.98,1,1,winter,0,68818,310,0,0,0,0,0,0,0,0,0,1,0,0
12,2022-03-28,45.14,1015.6572769953052,0.31,0,0,winter,0,196528,436,0,0,1,0,0,0,0,0,0,0,0,0
11,2022-08-29,66.02,1036.173708920188,0.95,1,0,summer,0,121465,398,0,0,0,0,0,0,0,1,0,0,0,0
13,2022-08-17,72.5,964.1431924882628,0.85,0,0,summer,0,68818,310,0,0,0,0,0,0,0,1,0,0,0,0
12,2022-04-21,38.66,995.8098591549297,0.34,0,0,summer,0,196528,436,0,0,0,1,0,0,0,0,0,0,0,0
12,2022-02-11,22.46,1006.2910798122066,0.95,1,0,winter,0,196528,436,0,1,0,0,0,0,0,0,0,0,0,0
12,2022-01-24,21.02,1035.281690140845,0.96,1,0,winter,0,196528,436,1,0,0,0,0,0,0,0,0,0,0,0
11,2022-08-08,72.68,958.3450704225352,0.98,1,1,summer,0,121465,398,0,0,0,0,0,0,0,1,0,0,0,0
13,2022-02-23,17.6,969.7183098591548,0.9,1,1,winter,0,68818,310,0,1,0,0,0,0,0,0,0,0,0,0
13,2022-04-16,43.34,1021.0093896713616,0.3,0,0,summer,1,68818,310,0,0,0,1,0,0,0,0,0,0,0,0
12,2022-07-27,69.98,1002.7230046948356,0.93,0,0,summer,0,196528,436,0,0,0,0,0,0,1,0,0,0,0,0
12,2022-04-01,57.38,960.7981220657276,0.83,0,0,summer,0,196528,436,0,0,0,1,0,0,0,0,0,0,0,0
12,2022-08-02,71.96000000000001,1026.8075117370893,0.83,0,0,summer,0,196528,436,0,0,0,0,0,0,0,1,0,0,0,0
12,2022-01-12,17.42,982.6525821596244,0.96,1,1,winter,0,196528,436,1,0,0,0,0,0,0,0,0,0,0,0
13,2022-07-29,67.82,998.0399061032864,0.69,0,0,summer,0,68818,310,0,0,0,0,0,0,1,0,0,0,0,0
11,2022-07-19,66.2,981.9835680751172,0.74,0,0,summer,0,121465,398,0,0,0,0,0,0,1,0,0,0,0,0
12,2022-01-25,11.659999999999997,967.7112676056338,0.05,0,0,winter,0,196528,436,1,0,0,0,0,0,0,0,0,0,0,0
13,2022-02-22,21.02,959.237089201878,0.63,0,0,winter,0,68818,310,0,1,0,0,0,0,0,0,0,0,0,0
13,2022-05-11,51.44,988.6737089201878,0.54,0,0,summer,0,68818,310,0,0,0,0,1,0,0,0,0,0,0,0
12,2022-03-27,27.32,1001.161971830986,0.0,0,0,winter,1,196528,436,0,0,1,0,0,0,0,0,0,0,0,0
12,2022-06-21,79.34,989.3427230046948,0.91,1,1,summer,0,196528,436,0,0,0,0,0,1,0,0,0,0,0,0
12,2022-05-17,63.31999999999999,1034.3896713615022,0.6,0,0,summer,0,196528,436,0,0,0,0,1,0,0,0,0,0,0,0
11,2022-09-09,60.44,997.8169014084508,0.97,0,0,winter,0,121465,398,0,0,0,0,0,0,0,0,1,0,0,0
11,2022-08-20,75.02,1007.1830985915492,0.95,1,0,summer,1,121465,398,0,0,0,0,0,0,0,1,0,0,0,0
12,2022-02-07,29.12,963.0281690140844,1.0,1,1,winter,0,196528,436,0,1,0,0,0,0,0,0,0,0,0,0
12,2022-03-06,41.9,1015.6572769953052,0.93,0,0,winter,1,196528,436,0,0,1,0,0,0,0,0,0,0,0,0
11,2022-10-13,39.2,1035.5046948356808,0.73,1,0,winter,0,121465,398,0,0,0,0,0,0,0,0,0,1,0,0
11,2022-02-27,18.14,1008.5211267605632,0.0,1,1,winter,1,121465,398,0,1,0,0,0,0,0,0,0,0,0,0
11,2022-06-06,71.24000000000001,1000.2699530516433,0.97,1,1,summer,0,121465,398,0,0,0,0,0,1,0,0,0,0,0,0
12,2022-09-30,45.86,1013.650234741784,0.68,0,0,winter,0,196528,436,0,0,0,0,0,0,0,0,1,0,0,0
11,2022-04-08,52.34,992.68779342723,0.81,0,0,summer,0,121465,398,0,0,0,1,0,0,0,0,0,0,0,0
13,2022-06-17,74.84,1019.8943661971832,0.95,1,1,summer,0,68818,310,0,0,0,0,0,1,0,0,0,0,0,0
13,2022-09-09,55.22,1016.549295774648,0.93,1,1,winter,0,68818,310,0,0,0,0,0,0,0,0,1,0,0,0
13,2022-06-25,77.18,1001.6079812206572,0.99,1,1,summer,1,68818,310,0,0,0,0,0,1,0,0,0,0,0,0
13,2022-01-08,8.959999999999997,1006.737089201878,0.0,0,0,winter,1,68818,310,1,0,0,0,0,0,0,0,0,0,0,0
13,2022-02-01,11.3,979.0845070422536,0.0,0,0,winter,0,68818,310,0,1,0,0,0,0,0,0,0,0,0,0
12,2022-04-13,36.5,991.1267605633802,0.88,1,1,summer,0,196528,436,0,0,0,1,0,0,0,0,0,0,0,0
12,2022-01-16,13.64,977.5234741784036,0.83,1,1,winter,1,196528,436,1,0,0,0,0,0,0,0,0,0,0,0
11,2022-03-01,27.14,1023.6854460093896,0.84,0,0,winter,0,121465,398,0,0,1,0,0,0,0,0,0,0,0,0
12,2022-01-19,16.52,1018.3333333333334,0.34,0,0,winter,0,196528,436,1,0,0,0,0,0,0,0,0,0,0,0
13,2022-10-18,52.52,1021.4553990610328,0.93,1,1,winter,0,68818,310,0,0,0,0,0,0,0,0,0,1,0,0
13,2022-06-10,77.0,1019.8943661971832,0.64,0,0,summer,0,68818,310,0,0,0,0,0,1,0,0,0,0,0,0
12,2022-07-08,72.32,1037.957746478873,0.81,0,0,summer,0,196528,436,0,0,0,0,0,0,1,0,0,0,0,0
13,2022-09-17,53.24,980.4225352112676,0.85,1,1,winter,1,68818,310,0,0,0,0,0,0,0,0,1,0,0,0
13,2022-05-07,50.540000000000006,1027.699530516432,0.71,0,0,summer,1,68818,310,0,0,0,0,1,0,0,0,0,0,0,0
13,2022-06-26,63.68000000000001,980.4225352112676,0.98,1,1,summer,1,68818,310,0,0,0,0,0,1,0,0,0,0,0,0
13,2022-04-23,49.1,1017.6643192488262,0.87,0,0,summer,1,68818,310,0,0,0,1,0,0,0,0,0,0,0,0
13,2022-09-20,58.82,1037.957746478873,0.95,1,0,winter,0,68818,310,0,0,0,0,0,0,0,0,1,0,0,0
13,2022-01-09,16.340000000000003,1027.699530516432,0.0,1,0,winter,1,68818,310,1,0,0,0,0,0,0,0,0,0,0,0
13,2022-10-20,41.54,1017.887323943662,0.8,0,0,winter,0,68818,310,0,0,0,0,0,0,0,0,0,1,0,0
12,2022-04-23,51.26,982.206572769953,0.94,1,0,summer,1,196528,436,0,0,0,1,0,0,0,0,0,0,0,0
11,2022-10-28,49.82,1041.7488262910797,0.66,0,0,winter,0,121465,398,0,0,0,0,0,0,0,0,0,1,0,0
13,2022-01-18,11.84,969.2723004694836,0.0,1,1,winter,0,68818,310,1,0,0,0,0,0,0,0,0,0,0,0
13,2022-07-31,62.78,1004.0610328638496,0.92,0,0,summer,1,68818,310,0,0,0,0,0,0,1,0,0,0,0,0
11,2022-03-19,29.66,992.9107981220656,0.78,0,0,winter,1,121465,398,0,0,1,0,0,0,0,0,0,0,0,0
13,2022-03-11,25.16,993.5798122065728,0.62,0,0,winter,0,68818,310,0,0,1,0,0,0,0,0,0,0,0,0
13,2022-06-12,75.56,1020.56338028169,0.92,0,0,summer,1,68818,310,0,0,0,0,0,1,0,0,0,0,0,0
12,2022-05-23,50.0,1017.887323943662,0.78,0,0,summer,0,196528,436,0,0,0,0,1,0,0,0,0,0,0,0
12,2022-04-09,58.82,985.9976525821596,0.4,0,0,summer,1,196528,436,0,0,0,1,0,0,0,0,0,0,0,0
11,2022-09-07,61.34,982.206572769953,0.61,0,0,winter,0,121465,398,0,0,0,0,0,0,0,0,1,0,0,0
12,2022-04-28,37.4,1009.413145539906,0.87,1,1,summer,0,196528,436,0,0,0,1,0,0,0,0,0,0,0,0
12,2022-09-29,73.22,1003.6150234741784,0.85,1,0,winter,0,196528,436,0,0,0,0,0,0,0,0,1,0,0,0
12,2022-08-29,72.68,1017.6643192488262,0.89,0,0,summer,0,196528,436,0,0,0,0,0,0,0,1,0,0,0,0
13,2022-09-10,51.98,1020.3403755868544,0.92,1,0,winter,1,68818,310,0,0,0,0,0,0,0,0,1,0,0,0
13,2022-03-29,35.6,987.5586854460092,0.95,1,0,winter,0,68818,310,0,0,1,0,0,0,0,0,0,0,0,0
12,2022-09-23,65.30000000000001,988.2276995305164,0.92,1,0,winter,0,196528,436,0,0,0,0,0,0,0,0,1,0,0,0
12,2022-09-22,57.74,975.7394366197184,0.83,0,0,winter,0,196528,436,0,0,0,0,0,0,0,0,1,0,0,0
12,2022-01-30,10.22,967.2652582159624,0.0,0,0,winter,1,196528,436,1,0,0,0,0,0,0,0,0,0,0,0
12,2022-09-28,73.75999999999999,994.025821596244,0.75,1,0,winter,0,196528,436,0,0,0,0,0,0,0,0,1,0,0,0
13,2022-01-12,17.06,1009.413145539906,0.89,1,0,winter,0,68818,310,1,0,0,0,0,0,0,0,0,0,0,0
11,2022-05-25,66.92,974.8474178403756,0.96,0,0,summer,0,121465,398,0,0,0,0,1,0,0,0,0,0,0,0
13,2022-07-21,72.14,1013.8732394366198,0.84,0,0,summer,0,68818,310,0,0,0,0,0,0,1,0,0,0,0,0
13,2022-05-03,59.540000000000006,990.6807511737088,0.87,1,1,summer,0,68818,310,0,0,0,0,1,0,0,0,0,0,0,0
13,2022-03-22,36.32,988.450704225352,0.65,0,0,winter,0,68818,310,0,0,1,0,0,0,0,0,0,0,0,0
13,2022-03-09,37.22,966.150234741784,0.9,0,0,winter,0,68818,310,0,0,1,0,0,0,0,0,0,0,0,0
13,2022-10-13,47.66,984.43661971831,0.97,1,0,winter,0,68818,310,0,0,0,0,0,0,0,0,0,1,0,0
13,2022-01-26,4.640000000000001,1013.650234741784,0.0,1,1,winter,0,68818,310,1,0,0,0,0,0,0,0,0,0,0,0
11,2022-03-02,32.36,966.8192488262912,0.86,1,1,winter,0,121465,398,0,0,1,0,0,0,0,0,0,0,0,0
13,2022-10-01,49.46,1035.281690140845,0.45,0,1,winter,1,68818,310,0,0,0,0,0,0,0,0,0,1,0,0
11,2022-08-14,74.30000000000001,981.7605633802816,0.93,1,1,summer,1,121465,398,0,0,0,0,0,0,0,1,0,0,0,0
12,2022-10-12,43.52,1006.9600938967136,0.66,0,0,winter,0,196528,436,0,0,0,0,0,0,0,0,0,1,0,0
12,2022-07-11,68.72,1008.5211267605632,0.96,1,1,summer,0,196528,436,0,0,0,0,0,0,1,0,0,0,0,0
12,2022-05-21,49.1,983.9906103286384,0.97,0,0,summer,1,196528,436,0,0,0,0,1,0,0,0,0,0,0,0
13,2022-05-01,60.08,992.9107981220656,0.97,1,1,summer,1,68818,310,0,0,0,0,1,0,0,0,0,0,0,0
11,2022-05-27,64.03999999999999,1013.650234741784,0.84,1,1,summer,0,121465,398,0,0,0,0,1,0,0,0,0,0,0,0
11,2022-09-20,55.400000000000006,1010.7511737089202,0.46,1,0,winter,0,121465,398,0,0,0,0,0,0,0,0,1,0,0,0
12,2022-05-08,61.16,965.481220657277,0.91,1,1,summer,1,196528,436,0,0,0,0,1,0,0,0,0,0,0,0
12,2022-10-02,44.96,992.2417840375588,0.9,1,0,winter,1,196528,436,0,0,0,0,0,0,0,0,0,1,0,0
12,2022-02-13,23.0,965.2582159624412,0.9,1,1,winter,1,196528,436,0,1,0,0,0,0,0,0,0,0,0,0
13,2022-04-17,38.84,972.1713615023474,0.94,1,1,summer,1,68818,310,0,0,0,1,0,0,0,0,0,0,0,0
11,2022-01-06,22.1,997.593896713615,0.46,1,0,winter,0,121465,398,1,0,0,0,0,0,0,0,0,0,0,0
12,2022-02-10,19.22,1004.2840375586854,0.94,1,0,winter,0,196528,436,0,1,0,0,0,0,0,0,0,0,0,0
13,2022-05-26,55.58,1007.8521126760564,0.89,1,1,summer,0,68818,310,0,0,0,0,1,0,0,0,0,0,0,0
11,2022-05-17,59.900000000000006,970.387323943662,1.0,1,1,summer,0,121465,398,0,0,0,0,1,0,0,0,0,0,0,0
11,2022-02-23,22.46,1002.0539906103286,0.91,1,0,winter,0,121465,398,0,1,0,0,0,0,0,0,0,0,0,0
11,2022-04-22,51.26,987.7816901408452,0.84,1,1,summer,0,121465,398,0,0,0,1,0,0,0,0,0,0,0,0
11,2022-06-09,69.80000000000001,1022.793427230047,0.54,0,0,summer,0,121465,398,0,0,0,0,0,1,0,0,0,0,0,0
12,2022-02-04,15.98,1028.368544600939,0.45,0,0,winter,0,196528,436,0,1,0,0,0,0,0,0,0,0,0,0
11,2022-10-10,51.8,1035.5046948356808,0.9,1,0,winter,0,121465,398,0,0,0,0,0,0,0,0,0,1,0,0
11,2022-08-22,62.24,982.8755868544602,0.79,1,0,summer,0,121465,398,0,0,0,0,0,0,0,1,0,0,0,0
11,2022-06-22,77.36,992.0187793427232,0.84,1,1,summer,0,121465,398,0,0,0,0,0,1,0,0,0,0,0,0
12,2022-03-16,28.4,1002.2769953051644,0.72,0,0,winter,0,196528,436,0,0,1,0,0,0,0,0,0,0,0,0
11,2022-02-11,19.4,969.049295774648,0.07,0,0,winter,0,121465,398,0,1,0,0,0,0,0,0,0,0,0,0
13,2022-07-07,75.02,984.6596244131456,0.83,0,0,summer,0,68818,310,0,0,0,0,0,0,1,0,0,0,0,0
11,2022-10-17,55.58,1013.650234741784,0.94,1,1,winter,0,121465,398,0,0,0,0,0,0,0,0,0,1,0,0
11,2022-01-23,21.02,996.924882629108,0.24,0,0,winter,1,121465,398,1,0,0,0,0,0,0,0,0,0,0,0
11,2022-08-28,78.62,1000.9389671361504,0.78,0,0,summer,1,121465,398,0,0,0,0,0,0,0,1,0,0,0,0
12,2022-07-24,71.06,992.4647887323944,1.0,0,0,summer,1,196528,436,0,0,0,0,0,0,1,0,0,0,0,0
13,2022-02-25,11.12,1015.2112676056338,0.6,0,0,winter,0,68818,310,0,1,0,0,0,0,0,0,0,0,0,0
13,2022-07-14,68.9,1017.887323943662,1.0,0,0,summer,0,68818,310,0,0,0,0,0,0,1,0,0,0,0,0
12,2022-05-03,62.96,987.3356807511738,0.82,0,0,summer,0,196528,436,0,0,0,0,1,0,0,0,0,0,0,0
11,2022-01-15,12.740000000000002,996.4788732394368,0.02,1,0,winter,1,121465,398,1,0,0,0,0,0,0,0,0,0,0,0
11,2022-07-14,65.66,958.3450704225352,0.68,1,0,summer,0,121465,398,0,0,0,0,0,0,1,0,0,0,0,0
11,2022-03-11,36.86,1023.0164319248828,0.68,0,0,winter,0,121465,398,0,0,1,0,0,0,0,0,0,0,0,0
11,2022-10-04,46.58,1016.1032863849764,0.92,1,1,winter,0,121465,398,0,0,0,0,0,0,0,0,0,1,0,0
13,2022-08-22,63.31999999999999,1030.3755868544602,0.99,0,0,summer,0,68818,310,0,0,0,0,0,0,0,1,0,0,0,0
12,2022-10-13,53.24,971.725352112676,0.86,0,0,winter,0,196528,436,0,0,0,0,0,0,0,0,0,1,0,0
12,2022-06-13,65.12,1012.981220657277,1.0,1,1,summer,0,196528,436,0,0,0,0,0,1,0,0,0,0,0,0
11,2022-08-15,70.16,969.4953051643192,0.72,0,0,summer,0,121465,398,0,0,0,0,0,0,0,1,0,0,0,0
12,2022-03-30,36.86,986.8896713615025,0.79,0,0,winter,0,196528,436,0,0,1,0,0,0,0,0,0,0,0,0
12,2022-07-15,79.52,978.4154929577464,0.93,0,0,summer,0,196528,436,0,0,0,0,0,0,1,0,0,0,0,0
11,2022-06-08,70.16,1039.0727699530516,0.89,0,0,summer,0,121465,398,0,0,0,0,0,1,0,0,0,0,0,0
11,2022-01-20,14.0,1031.7136150234742,0.96,1,0,winter,0,121465,398,1,0,0,0,0,0,0,0,0,0,0,0
13,2022-10-15,44.06,1043.7558685446008,0.89,1,0,winter,1,68818,310,0,0,0,0,0,0,0,0,0,1,0,0
11,2022-06-02,71.78,1029.2605633802816,0.98,0,0,summer,0,121465,398,0,0,0,0,0,1,0,0,0,0,0,0
12,2022-10-25,44.96,1030.1525821596244,0.7,0,0,winter,0,196528,436,0,0,0,0,0,0,0,0,0,1,0,0
11,2022-10-07,51.98,972.3943661971832,0.77,1,1,winter,0,121465,398,0,0,0,0,0,0,0,0,0,1,0,0
11,2022-03-05,37.76,981.537558685446,0.96,1,1,winter,1,121465,398,0,0,1,0,0,0,0,0,0,0,0,0
12,2022-07-22,81.32,958.3450704225352,0.95,1,1,summer,0,196528,436,0,0,0,0,0,0,1,0,0,0,0,0
11,2022-03-23,29.3,1013.650234741784,0.26,0,0,winter,0,121465,398,0,0,1,0,0,0,0,0,0,0,0,0
12,2022-04-15,48.74,1038.1807511737088,0.62,0,0,summer,0,196528,436,0,0,0,1,0,0,0,0,0,0,0,0
12,2022-01-15,23.72,1024.800469483568,0.77,1,0,winter,1,196528,436,1,0,0,0,0,0,0,0,0,0,0,0
11,2022-06-23,58.1,1004.7300469483567,0.98,1,0,summer,0,121465,398,0,0,0,0,0,1,0,0,0,0,0,0
12,2022-03-13,44.42,1034.1666666666667,0.79,0,0,winter,1,196528,436,0,0,1,0,0,0,0,0,0,0,0,0
13,2022-04-15,44.06,1018.3333333333334,0.54,0,1,summer,0,68818,310,0,0,0,1,0,0,0,0,0,0,0,0
13,2022-01-11,11.48,964.5892018779344,0.85,1,1,winter,0,68818,310,1,0,0,0,0,0,0,0,0,0,0,0
12,2022-06-26,62.96,978.1924882629108,0.9,0,0,summer,1,196528,436,0,0,0,0,0,1,0,0,0,0,0,0
11,2022-10-18,40.1,964.1431924882628,0.26,0,0,winter,0,121465,398,0,0,0,0,0,0,0,0,0,1,0,0
13,2022-08-05,72.86,1003.3920187793428,0.73,1,0,summer,0,68818,310,0,0,0,0,0,0,0,1,0,0,0,0
11,2022-01-29,14.54,1013.8732394366198,0.0,0,0,winter,1,121465,398,1,0,0,0,0,0,0,0,0,0,0,0
11,2022-03-24,40.46,989.5657276995304,0.36,0,0,winter,0,121465,398,0,0,1,0,0,0,0,0,0,0,0,0
12,2022-03-12,34.88,975.293427230047,0.71,0,0,winter,1,196528,436,0,0,1,0,0,0,0,0,0,0,0,0
13,2022-04-07,46.4,1023.2394366197184,0.48,0,0,summer,0,68818,310,0,0,0,1,0,0,0,0,0,0,0,0
11,2022-03-15,39.92,983.0985915492956,0.91,1,1,winter,0,121465,398,0,0,1,0,0,0,0,0,0,0,0,0
12,2022-05-25,57.74,1037.957746478873,0.94,1,0,summer,0,196528,436,0,0,0,0,1,0,0,0,0,0,0,0
12,2022-01-03,27.68,1013.4272300469484,0.94,1,0,winter,0,196528,436,1,0,0,0,0,0,0,0,0,0,0,0
13,2022-07-13,77.18,983.0985915492956,0.86,0,0,summer,0,68818,310,0,0,0,0,0,0,1,0,0,0,0,0
13,2022-02-03,10.04,1022.3474178403756,0.51,1,0,winter,0,68818,310,0,1,0,0,0,0,0,0,0,0,0,0
12,2022-03-11,40.46,981.9835680751172,0.13,1,1,winter,0,196528,436,0,0,1,0,0,0,0,0,0,0,0,0
11,2022-08-04,75.92,1029.9295774647887,0.96,1,0,summer,0,121465,398,0,0,0,0,0,0,0,1,0,0,0,0
13,2022-09-18,58.1,1036.173708920188,0.34,1,0,winter,1,68818,310,0,0,0,0,0,0,0,0,1,0,0,0
12,2022-05-10,66.74000000000001,1040.856807511737,0.54,0,0,summer,0,196528,436,0,0,0,0,1,0,0,0,0,0,0,0
13,2022-08-02,77.18,970.387323943662,1.0,0,0,summer,0,68818,310,0,0,0,0,0,0,0,1,0,0,0,0
11,2022-06-04,74.30000000000001,977.7464788732394,0.82,1,0,summer,1,121465,398,0,0,0,0,0,1,0,0,0,0,0,0
11,2022-10-02,52.7,984.8826291079812,0.88,0,0,winter,1,121465,398,0,0,0,0,0,0,0,0,0,1,0,0
13,2022-07-02,75.92,1027.699530516432,0.88,0,0,summer,1,68818,310,0,0,0,0,0,0,1,0,0,0,0,0
12,2022-01-04,17.240000000000002,1019.8943661971832,0.0,0,0,winter,0,196528,436,1,0,0,0,0,0,0,0,0,0,0,0
11,2022-04-19,37.4,1009.413145539906,0.94,1,1,summer,0,121465,398,0,0,0,1,0,0,0,0,0,0,0,0
13,2022-10-21,53.6,963.6971830985916,0.66,1,1,winter,0,68818,310,0,0,0,0,0,0,0,0,0,1,0,0
11,2022-08-31,57.2,1027.699530516432,0.87,0,0,summer,0,121465,398,0,0,0,0,0,0,0,1,0,0,0,0
12,2022-10-16,55.94,963.2511737089202,0.81,0,0,winter,1,196528,436,0,0,0,0,0,0,0,0,0,1,0,0
13,2022-08-03,60.620000000000005,972.6173708920188,0.48,1,1,summer,0,68818,310,0,0,0,0,0,0,0,1,0,0,0,0
11,2022-06-24,75.02,989.3427230046948,0.73,0,0,summer,0,121465,398,0,0,0,0,0,1,0,0,0,0,0,0
12,2022-09-11,58.28,1033.274647887324,0.38,1,0,winter,1,196528,436,0,0,0,0,0,0,0,0,1,0,0,0
11,2022-05-04,63.14,975.293427230047,0.6,0,0,summer,0,121465,398,0,0,0,0,1,0,0,0,0,0,0,0
11,2022-08-18,64.03999999999999,977.9694835680752,0.61,0,0,summer,0,121465,398,0,0,0,0,0,0,0,1,0,0,0,0
11,2022-09-23,68.9,1023.0164319248828,0.85,0,0,winter,0,121465,398,0,0,0,0,0,0,0,0,1,0,0,0
13,2022-01-02,10.04,969.9413145539908,0.42,0,1,winter,1,68818,310,1,0,0,0,0,0,0,0,0,0,0,0
13,2022-09-16,63.31999999999999,1036.3967136150234,1.0,0,0,winter,0,68818,310,0,0,0,0,0,0,0,0,1,0,0,0
11,2022-07-20,75.92,961.244131455399,0.95,0,0,summer,0,121465,398,0,0,0,0,0,0,1,0,0,0,0,0
11,2022-09-11,57.02,984.43661971831,1.0,1,0,winter,1,121465,398,0,0,0,0,0,0,0,0,1,0,0,0
13,2022-06-14,63.86,964.5892018779344,0.9,0,0,summer,0,68818,310,0,0,0,0,0,1,0,0,0,0,0,0
13,2022-08-12,74.12,978.638497652582,0.98,1,1,summer,0,68818,310,0,0,0,0,0,0,0,1,0,0,0,0
11,2022-02-04,22.1,1024.800469483568,0.16,0,0,winter,0,121465,398,0,1,0,0,0,0,0,0,0,0,0,0
11,2022-10-06,45.86,985.9976525821596,0.96,1,1,winter,0,121465,398,0,0,0,0,0,0,0,0,0,1,0,0
11,2022-04-21,38.3,1025.9154929577464,0.69,0,0,summer,0,121465,398,0,0,0,1,0,0,0,0,0,0,0,0
13,2022-07-11,80.06,1018.3333333333334,0.87,0,0,summer,0,68818,310,0,0,0,0,0,0,1,0,0,0,0,0
11,2022-05-07,64.22,1031.2676056338028,0.62,0,0,summer,1,121465,398,0,0,0,0,1,0,0,0,0,0,0,0
12,2022-08-11,81.32,1030.8215962441311,0.69,0,0,summer,0,196528,436,0,0,0,0,0,0,0,1,0,0,0,0
13,2022-07-25,66.92,1003.3920187793428,0.97,1,0,summer,0,68818,310,0,0,0,0,0,0,1,0,0,0,0,0
12,2022-10-30,40.46,978.1924882629108,1.0,1,1,winter,1,196528,436,0,0,0,0,0,0,0,0,0,1,0,0
11,2022-04-10,37.58,1004.2840375586854,0.64,0,0,summer,1,121465,398,0,0,0,1,0,0,0,0,0,0,0,0
11,2022-05-20,65.12,991.5727699530516,0.78,0,0,summer,0,121465,398,0,0,0,0,1,0,0,0,0,0,0,0
12,2022-03-21,32.54,1016.3262910798122,0.04,0,0,winter,0,196528,436,0,0,1,0,0,0,0,0,0,0,0,0
13,2022-07-17,76.1,1004.0610328638496,0.79,0,0,summer,1,68818,310,0,0,0,0,0,0,1,0,0,0,0,0
11,2022-01-31,15.44,966.3732394366198,0.71,0,0,winter,0,121465,398,1,0,0,0,0,0,0,0,0,0,0,0
11,2022-06-12,72.86,1014.988262910798,0.96,0,0,summer,1,121465,398,0,0,0,0,0,1,0,0,0,0,0,0
11,2022-08-26,73.03999999999999,1031.2676056338028,0.86,0,0,summer,0,121465,398,0,0,0,0,0,0,0,1,0,0,0,0
13,2022-08-30,76.28,992.9107981220656,0.99,1,0,summer,0,68818,310,0,0,0,0,0,0,0,1,0,0,0,0
13,2022-07-28,69.25999999999999,1043.3098591549297,0.58,0,0,summer,0,68818,310,0,0,0,0,0,0,1,0,0,0,0,0
13,2022-04-18,39.02,1027.9225352112676,0.76,0,0,summer,0,68818,310,0,0,0,1,0,0,0,0,0,0,0,0
12,2022-09-04,73.58000000000001,1029.2605633802816,0.72,0,0,winter,1,196528,436,0,0,0,0,0,0,0,0,1,0,0,0
12,2022-05-12,61.16,983.3215962441316,0.76,1,1,summer,0,196528,436,0,0,0,0,1,0,0,0,0,0,0,0
12,2022-03-04,28.76,1014.3192488262912,0.98,1,1,winter,0,196528,436,0,0,1,0,0,0,0,0,0,0,0,0
11,2022-04-29,50.900000000000006,1040.6338028169014,1.0,0,0,summer,0,121465,398,0,0,0,1,0,0,0,0,0,0,0,0
13,2022-09-06,57.02,1045.5399061032865,0.89,1,0,winter,0,68818,310,0,0,0,0,0,0,0,0,1,0,0,0
13,2022-04-27,48.2,961.244131455399,0.76,0,0,summer,0,68818,310,0,0,0,1,0,0,0,0,0,0,0,0
11,2022-02-21,8.959999999999997,1012.5352112676056,0.97,1,0,winter,0,121465,398,0,1,0,0,0,0,0,0,0,0,0,0
11,2022-01-25,9.32,1019.4483568075118,0.88,1,1,winter,0,121465,398,1,0,0,0,0,0,0,0,0,0,0,0
12,2022-07-28,70.16,965.481220657277,0.97,1,1,summer,0,196528,436,0,0,0,0,0,0,1,0,0,0,0,0
13,2022-07-24,75.56,1033.274647887324,0.8,0,0,summer,1,68818,310,0,0,0,0,0,0,1,0,0,0,0,0
12,2022-05-02,61.88,993.3568075117372,0.96,0,0,summer,0,196528,436,0,0,0,0,1,0,0,0,0,0,0,0
12,2022-02-18,11.48,1000.2699530516433,0.99,1,0,winter,0,196528,436,0,1,0,0,0,0,0,0,0,0,0,0
12,2022-05-13,60.620000000000005,1018.1103286384975,0.34,0,0,summer,0,196528,436,0,0,0,0,1,0,0,0,0,0,0,0
12,2022-06-19,62.78,1031.2676056338028,0.73,0,0,summer,1,196528,436,0,0,0,0,0,1,0,0,0,0,0,0
12,2022-02-01,18.14,1028.368544600939,0.64,1,0,winter,0,196528,436,0,1,0,0,0,0,0,0,0,0,0,0
13,2022-10-06,46.4,1023.462441314554,0.5,0,0,winter,0,68818,310,0,0,0,0,0,0,0,0,0,1,0,0
11,2022-07-09,77.0,961.4671361502348,0.93,1,1,summer,1,121465,398,0,0,0,0,0,0,1,0,0,0,0,0
12,2022-01-22,22.28,1026.361502347418,0.85,1,0,winter,1,196528,436,1,0,0,0,0,0,0,0,0,0,0,0
12,2022-02-06,26.96,1003.169014084507,0.58,0,0,winter,1,196528,436,0,1,0,0,0,0,0,0,0,0,0,0
11,2022-03-08,29.3,966.5962441314554,0.76,1,1,winter,0,121465,398,0,0,1,0,0,0,0,0,0,0,0,0
11,2022-03-20,34.7,1016.1032863849764,0.49,1,1,winter,1,121465,398,0,0,1,0,0,0,0,0,0,0,0,0
13,2022-04-01,44.96,1044.2018779342725,0.98,1,0,summer,0,68818,310,0,0,0,1,0,0,0,0,0,0,0,0
12,2022-09-27,54.5,1034.1666666666667,0.8,0,0,winter,0,196528,436,0,0,0,0,0,0,0,0,1,0,0,0
12,2022-01-21,26.24,984.43661971831,0.86,1,1,winter,0,196528,436,1,0,0,0,0,0,0,0,0,0,0,0
13,2022-09-27,50.0,1005.399061032864,0.99,1,0,winter,0,68818,310,0,0,0,0,0,0,0,0,1,0,0,0
11,2022-05-14,50.900000000000006,986.2206572769952,0.94,1,1,summer,1,121465,398,0,0,0,0,1,0,0,0,0,0,0,0
13,2022-06-18,63.86,988.2276995305164,0.99,1,1,summer,1,68818,310,0,0,0,0,0,1,0,0,0,0,0,0
11,2022-01-08,8.420000000000002,1038.849765258216,0.24,0,0,winter,1,121465,398,1,0,0,0,0,0,0,0,0,0,0,0
11,2022-04-03,40.1,974.1784037558684,0.76,0,0,summer,1,121465,398,0,0,0,1,0,0,0,0,0,0,0,0
12,2022-08-12,72.5,1035.7276995305165,0.98,0,0,summer,0,196528,436,0,0,0,0,0,0,0,1,0,0,0,0
11,2022-03-12,33.44,1028.368544600939,0.0,0,0,winter,1,121465,398,0,0,1,0,0,0,0,0,0,0,0,0
11,2022-07-25,70.88,1021.9014084507044,0.96,0,0,summer,0,121465,398,0,0,0,0,0,0,1,0,0,0,0,0
13,2022-04-29,47.120000000000005,959.0140845070424,0.99,1,1,summer,0,68818,310,0,0,0,1,0,0,0,0,0,0,0,0
11,2022-04-07,52.34,1000.9389671361504,0.74,0,1,summer,0,121465,398,0,0,0,1,0,0,0,0,0,0,0,0
13,2022-03-06,36.32,973.9553990610328,1.0,1,1,winter,1,68818,310,0,0,1,0,0,0,0,0,0,0,0,0
11,2022-06-07,64.75999999999999,965.9272300469484,0.67,1,1,summer,0,121465,398,0,0,0,0,0,1,0,0,0,0,0,0
11,2022-07-26,71.24000000000001,970.8333333333334,0.89,0,0,summer,0,121465,398,0,0,0,0,0,0,1,0,0,0,0,0
11,2022-02-25,13.099999999999998,975.293427230047,0.87,1,1,winter,0,121465,398,0,1,0,0,0,0,0,0,0,0,0,0
12,2022-06-02,76.28,1014.7652582159624,1.0,1,1,summer,0,196528,436,0,0,0,0,0,1,0,0,0,0,0,0
13,2022-01-10,10.759999999999998,1029.483568075117,0.97,1,0,winter,0,68818,310,1,0,0,0,0,0,0,0,0,0,0,0
11,2022-10-03,42.44,990.4577464788732,0.98,0,0,winter,0,121465,398,0,0,0,0,0,0,0,0,0,1,0,0
11,2022-02-07,14.18,996.0328638497652,0.86,0,0,winter,0,121465,398,0,1,0,0,0,0,0,0,0,0,0,0
11,2022-05-24,62.78,1005.399061032864,0.59,0,0,summer,0,121465,398,0,0,0,0,1,0,0,0,0,0,0,0
13,2022-05-16,49.28,989.5657276995304,0.58,0,0,summer,0,68818,310,0,0,0,0,1,0,0,0,0,0,0,0
12,2022-08-14,64.94,1014.5422535211268,0.41,0,0,summer,1,196528,436,0,0,0,0,0,0,0,1,0,0,0,0
12,2022-02-26,20.3,1034.8356807511736,0.0,1,0,winter,1,196528,436,0,1,0,0,0,0,0,0,0,0,0,0
11,2022-01-09,16.159999999999997,1029.037558685446,0.9,1,0,winter,1,121465,398,1,0,0,0,0,0,0,0,0,0,0,0
13,2022-02-20,13.459999999999996,1020.1173708920188,0.35,0,0,winter,1,68818,310,0,1,0,0,0,0,0,0,0,0,0,0
13,2022-03-17,33.44,1020.7863849765258,0.93,1,1,winter,0,68818,310,0,0,1,0,0,0,0,0,0,0,0,0
11,2022-01-12,17.96,1039.9647887323945,0.95,0,0,winter,0,121465,398,1,0,0,0,0,0,0,0,0,0,0,0
11,2022-04-28,47.84,980.199530516432,1.0,0,0,summer,0,121465,398,0,0,0,1,0,0,0,0,0,0,0,0
12,2022-07-18,73.94,1031.93661971831,0.87,0,0,summer,0,196528,436,0,0,0,0,0,0,1,0,0,0,0,0
12,2022-02-20,29.48,969.049295774648,0.99,1,1,winter,1,196528,436,0,1,0,0,0,0,0,0,0,0,0,0
12,2022-02-28,29.48,961.4671361502348,0.68,1,1,winter,0,196528,436,0,1,0,0,0,0,0,0,0,0,0,0
13,2022-03-13,26.96,967.9342723004696,0.46,1,1,winter,1,68818,310,0,0,1,0,0,0,0,0,0,0,0,0
11,2022-04-06,37.4,1037.7347417840376,0.36,1,0,summer,0,121465,398,0,0,0,1,0,0,0,0,0,0,0,0
13,2022-05-25,64.58000000000001,967.488262910798,1.0,1,1,summer,0,68818,310,0,0,0,0,1,0,0,0,0,0,0,0
12,2022-09-17,73.03999999999999,989.1197183098592,0.99,1,0,winter,1,196528,436,0,0,0,0,0,0,0,0,1,0,0,0
11,2022-02-28,39.92,974.1784037558684,0.34,1,1,winter,0,121465,398,0,1,0,0,0,0,0,0,0,0,0,0
12,2022-09-18,63.14,1037.2887323943662,0.52,0,0,winter,1,196528,436,0,0,0,0,0,0,0,0,1,0,0,0
11,2022-03-25,33.8,1009.8591549295776,0.66,0,0,winter,0,121465,398,0,0,1,0,0,0,0,0,0,0,0,0
13,2022-08-23,67.82,1002.7230046948356,1.0,0,0,summer,0,68818,310,0,0,0,0,0,0,0,1,0,0,0,0
11,2022-04-13,50.900000000000006,1025.6924882629107,0.6,0,0,summer,0,121465,398,0,0,0,1,0,0,0,0,0,0,0,0
12,2022-02-05,28.04,1013.4272300469484,0.99,1,0,winter,1,196528,436,0,1,0,0,0,0,0,0,0,0,0,0
11,2022-10-24,55.58,1005.8450704225352,0.75,1,1,winter,0,121465,398,0,0,0,0,0,0,0,0,0,1,0,0
11,2022-09-22,72.14,967.2652582159624,0.55,0,0,winter,0,121465,398,0,0,0,0,0,0,0,0,1,0,0,0
12,2022-04-12,45.14,1001.161971830986,0.79,1,0,summer,0,196528,436,0,0,0,1,0,0,0,0,0,0,0,0
11,2022-01-10,8.599999999999998,1014.7652582159624,0.69,0,0,winter,0,121465,398,1,0,0,0,0,0,0,0,0,0,0,0
11,2022-06-14,73.4,1026.361502347418,0.86,0,0,summer,0,121465,398,0,0,0,0,0,1,0,0,0,0,0,0
13,2022-03-28,29.84,997.593896713615,0.85,0,0,winter,0,68818,310,0,0,1,0,0,0,0,0,0,0,0,0
12,2022-05-04,61.7,970.387323943662,0.75,1,1,summer,0,196528,436,0,0,0,0,1,0,0,0,0,0,0,0
11,2022-07-18,76.46000000000001,1008.5211267605632,0.9,0,0,summer,0,121465,398,0,0,0,0,0,0,1,0,0,0,0,0
11,2022-02-26,17.96,1004.7300469483567,0.03,0,0,winter,1,121465,398,0,1,0,0,0,0,0,0,0,0,0,0
11,2022-08-13,66.92,982.4295774647888,0.92,1,0,summer,1,121465,398,0,0,0,0,0,0,0,1,0,0,0,0
13,2022-09-23,58.82,1004.0610328638496,0.68,1,1,winter,0,68818,310,0,0,0,0,0,0,0,0,1,0,0,0
11,2022-01-14,20.84,1040.4107981220657,0.7,1,0,winter,0,121465,398,1,0,0,0,0,0,0,0,0,0,0,0
12,2022-02-23,15.259999999999998,1032.1596244131456,0.0,0,0,winter,0,196528,436,0,1,0,0,0,0,0,0,0,0,0,0
11,2022-02-22,9.5,979.0845070422536,0.0,1,0,winter,0,121465,398,0,1,0,0,0,0,0,0,0,0,0,0
12,2022-07-05,65.12,1018.1103286384975,0.8,1,0,summer,0,196528,436,0,0,0,0,0,0,1,0,0,0,0,0
13,2022-10-23,39.92,969.2723004694836,0.97,1,1,winter,1,68818,310,0,0,0,0,0,0,0,0,0,1,0,0
12,2022-07-25,73.4,982.206572769953,0.94,0,0,summer,0,196528,436,0,0,0,0,0,0,1,0,0,0,0,0
12,2022-08-18,62.06,1038.849765258216,1.0,1,0,summer,0,196528,436,0,0,0,0,0,0,0,1,0,0,0,0
12,2022-03-19,32.0,1008.2981220657276,0.51,0,0,winter,1,196528,436,0,0,1,0,0,0,0,0,0,0,0,0
13,2022-04-06,32.72,1012.0892018779344,0.77,0,1,summer,0,68818,310,0,0,0,1,0,0,0,0,0,0,0,0
12,2022-07-01,78.62,969.2723004694836,0.75,0,0,summer,0,196528,436,0,0,0,0,0,0,1,0,0,0,0,0
13,2022-02-09,9.5,967.0422535211268,0.0,0,0,winter,0,68818,310,0,1,0,0,0,0,0,0,0,0,0,0
12,2022-08-17,70.16,978.861502347418,0.8,0,0,summer,0,196528,436,0,0,0,0,0,0,0,1,0,0,0,0
12,2022-03-26,27.68,1010.5281690140844,0.55,1,0,winter,1,196528,436,0,0,1,0,0,0,0,0,0,0,0,0
12,2022-04-02,57.38,966.150234741784,0.97,1,1,summer,1,196528,436,0,0,0,1,0,0,0,0,0,0,0,0
11,2022-02-03,21.56,1032.8286384976525,0.16,0,0,winter,0,121465,398,0,1,0,0,0,0,0,0,0,0,0,0
13,2022-06-28,76.64,970.8333333333334,0.86,1,1,summer,0,68818,310,0,0,0,0,0,1,0,0,0,0,0,0
13,2022-10-27,42.620000000000005,996.7018779342724,0.78,1,0,winter,0,68818,310,0,0,0,0,0,0,0,0,0,1,0,0
12,2022-09-10,69.98,1037.511737089202,0.95,1,0,winter,1,196528,436,0,0,0,0,0,0,0,0,1,0,0,0
12,2022-04-10,55.400000000000006,1000.0469483568075,0.68,1,0,summer,1,196528,436,0,0,0,1,0,0,0,0,0,0,0,0
13,2022-08-31,70.52,1003.169014084507,0.95,1,1,summer,0,68818,310,0,0,0,0,0,0,0,1,0,0,0,0
12,2022-05-26,71.06,1003.169014084507,0.79,1,1,summer,0,196528,436,0,0,0,0,1,0,0,0,0,0,0,0
11,2022-01-21,20.12,1009.6361502347418,0.99,1,0,winter,0,121465,398,1,0,0,0,0,0,0,0,0,0,0,0
11,2022-09-06,51.620000000000005,1021.2323943661972,0.77,1,0,winter,0,121465,398,0,0,0,0,0,0,0,0,1,0,0,0
11,2022-04-05,40.64,990.6807511737088,0.88,1,0,summer,0,121465,398,0,0,0,1,0,0,0,0,0,0,0,0
13,2022-09-02,68.53999999999999,1024.800469483568,0.6,0,0,winter,0,68818,310,0,0,0,0,0,0,0,0,1,0,0,0
12,2022-05-18,59.72,1010.5281690140844,0.84,1,1,summer,0,196528,436,0,0,0,0,1,0,0,0,0,0,0,0
13,2022-09-11,69.08000000000001,977.5234741784036,0.99,1,1,winter,1,68818,310,0,0,0,0,0,0,0,0,1,0,0,0
13,2022-08-06,62.24,973.9553990610328,0.81,0,0,summer,1,68818,310,0,0,0,0,0,0,0,1,0,0,0,0
13,2022-10-28,54.32,1040.6338028169014,0.86,0,0,winter,0,68818,310,0,0,0,0,0,0,0,0,0,1,0,0
12,2022-05-20,48.74,981.9835680751172,0.61,1,1,summer,0,196528,436,0,0,0,0,1,0,0,0,0,0,0,0
11,2022-04-26,45.32,957.899061032864,0.7,0,0,summer,0,121465,398,0,0,0,1,0,0,0,0,0,0,0,0
13,2022-05-10,50.36,1033.0516431924882,0.95,1,1,summer,0,68818,310,0,0,0,0,1,0,0,0,0,0,0,0
11,2022-05-18,58.1,1039.2957746478874,0.99,0,0,summer,0,121465,398,0,0,0,0,1,0,0,0,0,0,0,0
12,2022-04-30,53.24,964.81220657277,0.8,1,1,summer,1,196528,436,0,0,0,1,0,0,0,0,0,0,0,0
12,2022-02-02,14.54,1039.7417840375588,0.6,1,0,winter,0,196528,436,0,1,0,0,0,0,0,0,0,0,0,0
13,2022-05-14,59.0,1017.4413145539908,0.56,0,0,summer,1,68818,310,0,0,0,0,1,0,0,0,0,0,0,0
13,2022-05-05,66.92,1026.138497652582,0.83,1,1,summer,0,68818,310,0,0,0,0,1,0,0,0,0,0,0,0
13,2022-03-16,23.54,1043.7558685446008,0.17,0,0,winter,0,68818,310,0,0,1,0,0,0,0,0,0,0,0,0
13,2022-08-18,62.96,1020.3403755868544,0.84,0,0,summer,0,68818,310,0,0,0,0,0,0,0,1,0,0,0,0
11,2022-05-05,68.72,1034.1666666666667,0.96,0,0,summer,0,121465,398,0,0,0,0,1,0,0,0,0,0,0,0
12,2022-06-08,72.86,973.5093896713616,0.66,1,1,summer,0,196528,436,0,0,0,0,0,1,0,0,0,0,0,0
13,2022-06-29,74.30000000000001,1021.4553990610328,0.97,0,0,summer,0,68818,310,0,0,0,0,0,1,0,0,0,0,0,0
12,2022-10-19,51.98,999.3779342723004,0.81,0,0,winter,0,196528,436,0,0,0,0,0,0,0,0,0,1,0,0
11,2022-05-22,50.0,1014.3192488262912,0.29,1,0,summer,1,121465,398,0,0,0,0,1,0,0,0,0,0,0,0
13,2022-08-13,57.92,978.1924882629108,0.94,1,1,summer,1,68818,310,0,0,0,0,0,0,0,1,0,0,0,0
12,2022-10-15,43.16,1012.31220657277,0.7,0,0,winter,1,196528,436,0,0,0,0,0,0,0,0,0,1,0,0
12,2022-10-28,57.38,1006.737089201878,0.48,0,0,winter,0,196528,436,0,0,0,0,0,0,0,0,0,1,0,0
12,2022-08-23,71.06,972.8403755868544,0.99,1,1,summer,0,196528,436,0,0,0,0,0,0,0,1,0,0,0,0
11,2022-02-06,13.82,981.9835680751172,0.54,0,0,winter,1,121465,398,0,1,0,0,0,0,0,0,0,0,0,0
12,2022-01-13,17.240000000000002,1029.2605633802816,0.22,0,0,winter,0,196528,436,1,0,0,0,0,0,0,0,0,0,0,0
11,2022-09-17,57.74,1042.6408450704223,0.98,0,0,winter,1,121465,398,0,0,0,0,0,0,0,0,1,0,0,0
13,2022-08-07,70.88,1010.3051643192488,0.63,0,0,summer,1,68818,310,0,0,0,0,0,0,0,1,0,0,0,0
13,2022-10-29,45.14,980.6455399061032,1.0,1,0,winter,1,68818,310,0,0,0,0,0,0,0,0,0,1,0,0
12,2022-08-21,63.31999999999999,1010.974178403756,0.94,0,0,summer,1,196528,436,0,0,0,0,0,0,0,1,0,0,0,0
11,2022-03-03,36.14,979.9765258215964,0.55,1,1,winter,0,121465,398,0,0,1,0,0,0,0,0,0,0,0,0
11,2022-10-19,42.620000000000005,1040.18779342723,0.82,0,0,winter,0,121465,398,0,0,0,0,0,0,0,0,0,1,0,0
11,2022-09-24,51.620000000000005,971.725352112676,0.75,1,0,winter,1,121465,398,0,0,0,0,0,0,0,0,1,0,0,0
13,2022-03-19,28.94,1043.5328638497654,0.93,1,0,winter,1,68818,310,0,0,1,0,0,0,0,0,0,0,0,0
12,2022-03-17,29.48,964.81220657277,0.04,1,1,winter,0,196528,436,0,0,1,0,0,0,0,0,0,0,0,0
12,2022-08-31,60.44,977.7464788732394,0.92,1,1,summer,0,196528,436,0,0,0,0,0,0,0,1,0,0,0,0
11,2022-02-16,9.5,966.150234741784,0.59,0,0,winter,0,121465,398,0,1,0,0,0,0,0,0,0,0,0,0
12,2022-02-22,27.32,994.2488262910798,0.75,0,0,winter,0,196528,436,0,1,0,0,0,0,0,0,0,0,0,0
12,2022-10-14,60.08,958.7910798122066,0.87,1,1,winter,0,196528,436,0,0,0,0,0,0,0,0,0,1,0,0
13,2022-08-20,64.75999999999999,1035.281690140845,0.95,0,0,summer,1,68818,310,0,0,0,0,0,0,0,1,0,0,0,0
13,2022-10-14,45.68,959.906103286385,0.79,0,0,winter,0,68818,310,0,0,0,0,0,0,0,0,0,1,0,0
13,2022-07-30,78.08000000000001,1021.9014084507044,0.73,0,1,summer,1,68818,310,0,0,0,0,0,0,1,0,0,0,0,0
12,2022-01-27,11.659999999999997,976.8544600938968,0.62,0,0,winter,0,196528,436,1,0,0,0,0,0,0,0,0,0,0,0
13,2022-04-28,45.14,993.1338028169014,0.97,0,0,summer,0,68818,310,0,0,0,1,0,0,0,0,0,0,0,0
12,2022-08-05,73.22,981.537558685446,0.92,0,0,summer,0,196528,436,0,0,0,0,0,0,0,1,0,0,0,0
11,2022-02-13,24.08,986.8896713615025,0.92,1,0,winter,1,121465,398,0,1,0,0,0,0,0,0,0,0,0,0
13,2022-02-19,8.240000000000002,979.0845070422536,0.9,1,1,winter,1,68818,310,0,1,0,0,0,0,0,0,0,0,0,0
13,2022-08-28,61.88,967.2652582159624,0.9,1,1,summer,1,68818,310,0,0,0,0,0,0,0,1,0,0,0,0
11,2022-06-29,59.72,1014.5422535211268,1.0,0,0,summer,0,121465,398,0,0,0,0,0,1,0,0,0,0,0,0
11,2022-07-30,79.34,983.5446009389672,0.64,0,0,summer,1,121465,398,0,0,0,0,0,0,1,0,0,0,0,0
11,2022-05-23,47.84,1027.699530516432,0.75,0,0,summer,0,121465,398,0,0,0,0,1,0,0,0,0,0,0,0
12,2022-04-07,42.26,1001.161971830986,0.56,0,0,summer,0,196528,436,0,0,0,1,0,0,0,0,0,0,0,0
13,2022-04-30,48.02,1014.988262910798,0.93,1,1,summer,1,68818,310,0,0,0,1,0,0,0,0,0,0,0,0
11,2022-06-19,66.74000000000001,1001.830985915493,0.98,0,0,summer,1,121465,398,0,0,0,0,0,1,0,0,0,0,0,0
13,2022-06-11,77.53999999999999,996.7018779342724,1.0,0,0,summer,1,68818,310,0,0,0,0,0,1,0,0,0,0,0,0
13,2022-02-02,22.82,984.6596244131456,0.67,1,0,winter,0,68818,310,0,1,0,0,0,0,0,0,0,0,0,0
12,2022-04-19,42.620000000000005,987.112676056338,0.81,1,1,summer,0,196528,436,0,0,0,1,0,0,0,0,0,0,0,0
11,2022-10-25,46.76,1007.1830985915492,0.29,0,0,winter,0,121465,398,0,0,0,0,0,0,0,0,0,1,0,0
11,2022-01-04,21.74,1017.4413145539908,0.0,0,0,winter,0,121465,398,1,0,0,0,0,0,0,0,0,0,0,0
11,2022-01-13,19.4,1001.6079812206572,0.92,1,1,winter,0,121465,398,1,0,0,0,0,0,0,0,0,0,0,0
11,2022-09-18,63.31999999999999,969.7183098591548,0.96,0,0,winter,1,121465,398,0,0,0,0,0,0,0,0,1,0,0,0
12,2022-05-06,57.38,974.4014084507044,0.96,1,1,summer,0,196528,436,0,0,0,0,1,0,0,0,0,0,0,0
11,2022-07-10,74.48,984.43661971831,0.97,1,1,summer,1,121465,398,0,0,0,0,0,0,1,0,0,0,0,0
12,2022-03-10,28.4,960.575117370892,0.77,0,0,winter,0,196528,436,0,0,1,0,0,0,0,0,0,0,0,0
12,2022-09-15,71.96000000000001,1040.4107981220657,1.0,0,0,winter,0,196528,436,0,0,0,0,0,0,0,0,1,0,0,0
13,2022-08-19,74.66,1027.030516431925,1.0,1,0,summer,0,68818,310,0,0,0,0,0,0,0,1,0,0,0,0
12,2022-09-07,73.75999999999999,1000.7159624413146,0.9,0,0,winter,0,196528,436,0,0,0,0,0,0,0,0,1,0,0,0
11,2022-06-25,67.46000000000001,963.9201877934272,0.78,0,0,summer,1,121465,398,0,0,0,0,0,1,0,0,0,0,0,0
11,2022-08-05,78.08000000000001,1043.086854460094,0.99,0,0,summer,0,121465,398,0,0,0,0,0,0,0,1,0,0,0,0
13,2022-09-13,60.8,988.0046948356808,0.94,0,0,winter,0,68818,310,0,0,0,0,0,0,0,0,1,0,0,0
11,2022-10-08,41.9,982.206572769953,0.96,1,0,winter,1,121465,398,0,0,0,0,0,0,0,0,0,1,0,0
13,2022-06-23,60.8,970.8333333333334,0.99,1,1,summer,0,68818,310,0,0,0,0,0,1,0,0,0,0,0,0
11,2022-06-27,72.68,988.8967136150236,0.93,1,0,summer,0,121465,398,0,0,0,0,0,1,0,0,0,0,0,0
12,2022-09-20,58.1,1041.7488262910797,0.79,0,0,winter,0,196528,436,0,0,0,0,0,0,0,0,1,0,0,0
12,2022-07-30,66.74000000000001,983.0985915492956,0.95,1,0,summer,1,196528,436,0,0,0,0,0,0,1,0,0,0,0,0
13,2022-02-14,10.579999999999998,1016.3262910798122,0.0,0,0,winter,0,68818,310,0,1,0,0,0,0,0,0,0,0,0,0
12,2022-08-03,77.53999999999999,1038.4037558685443,0.49,0,0,summer,0,196528,436,0,0,0,0,0,0,0,1,0,0,0,0
13,2022-06-05,76.46000000000001,998.262910798122,1.0,1,1,summer,1,68818,310,0,0,0,0,0,1,0,0,0,0,0,0
12,2022-03-29,38.3,1032.3826291079813,0.33,0,0,winter,0,196528,436,0,0,1,0,0,0,0,0,0,0,0,0
13,2022-05-23,66.56,971.725352112676,0.87,1,1,summer,0,68818,310,0,0,0,0,1,0,0,0,0,0,0,0
11,2022-01-27,17.96,970.387323943662,0.69,0,0,winter,0,121465,398,1,0,0,0,0,0,0,0,0,0,0,0
12,2022-08-25,68.53999999999999,1002.9460093896714,0.91,0,0,summer,0,196528,436,0,0,0,0,0,0,0,1,0,0,0,0
12,2022-08-08,82.4,998.262910798122,0.98,0,0,summer,0,196528,436,0,0,0,0,0,0,0,1,0,0,0,0
13,2022-01-13,15.98,981.7605633802816,0.0,1,0,winter,0,68818,310,1,0,0,0,0,0,0,0,0,0,0,0
11,2022-07-29,78.25999999999999,994.2488262910798,1.0,0,0,summer,0,121465,398,0,0,0,0,0,0,1,0,0,0,0,0
13,2022-01-29,11.84,989.1197183098592,0.85,1,1,winter,1,68818,310,1,0,0,0,0,0,0,0,0,0,0,0
12,2022-05-09,51.08,962.1361502347418,0.67,0,0,summer,0,196528,436,0,0,0,0,1,0,0,0,0,0,0,0
13,2022-02-04,17.96,986.8896713615025,0.9,1,1,winter,0,68818,310,0,1,0,0,0,0,0,0,0,0,0,0
11,2022-03-14,24.44,1037.511737089202,0.57,0,0,winter,0,121465,398,0,0,1,0,0,0,0,0,0,0,0,0
12,2022-09-08,73.22,985.774647887324,0.89,0,0,winter,0,196528,436,0,0,0,0,0,0,0,0,1,0,0,0
11,2022-04-18,45.5,1002.5,0.91,1,1,summer,0,121465,398,0,0,0,1,0,0,0,0,0,0,0,0
12,2022-09-02,65.84,957.2300469483567,0.96,1,1,winter,0,196528,436,0,0,0,0,0,0,0,0,1,0,0,0
12,2022-04-22,49.82,962.3591549295776,0.98,0,0,summer,0,196528,436,0,0,0,1,0,0,0,0,0,0,0,0
11,2022-05-11,58.82,1012.5352112676056,0.63,0,0,summer,0,121465,398,0,0,0,0,1,0,0,0,0,0,0,0
13,2022-06-19,75.02,981.7605633802816,0.75,0,1,summer,1,68818,310,0,0,0,0,0,1,0,0,0,0,0,0
11,2022-07-24,76.28,1017.887323943662,0.82,0,0,summer,1,121465,398,0,0,0,0,0,0,1,0,0,0,0,0
12,2022-09-12,70.88,1024.5774647887324,0.5,0,0,winter,0,196528,436,0,0,0,0,0,0,0,0,1,0,0,0
13,2022-02-10,11.12,1025.9154929577464,0.0,0,0,winter,0,68818,310,0,1,0,0,0,0,0,0,0,0,0,0
11,2022-06-15,72.86,1013.2042253521126,0.99,0,0,summer,0,121465,398,0,0,0,0,0,1,0,0,0,0,0,0
13,2022-07-26,75.74000000000001,961.913145539906,0.77,0,1,summer,0,68818,310,0,0,0,0,0,0,1,0,0,0,0,0
12,2022-02-27,24.44,1040.6338028169014,0.91,0,0,winter,1,196528,436,0,1,0,0,0,0,0,0,0,0,0,0
13,2022-09-28,71.42,1032.1596244131456,0.64,1,0,winter,0,68818,310,0,0,0,0,0,0,0,0,1,0,0,0
13,2022-02-18,8.240000000000002,969.049295774648,0.32,0,0,winter,0,68818,310,0,1,0,0,0,0,0,0,0,0,0,0
13,2022-07-27,71.6,1037.0657276995305,0.87,0,0,summer,0,68818,310,0,0,0,0,0,0,1,0,0,0,0,0
12,2022-02-03,16.7,1021.2323943661972,0.43,0,0,winter,0,196528,436,0,1,0,0,0,0,0,0,0,0,0,0
11,2022-01-02,19.4,989.1197183098592,0.0,0,0,winter,1,121465,398,1,0,0,0,0,0,0,0,0,0,0,0
13,2022-01-19,6.98,1039.518779342723,0.28,0,0,winter,0,68818,310,1,0,0,0,0,0,0,0,0,0,0,0
12,2022-06-17,80.6,979.0845070422536,0.96,0,0,summer,0,196528,436,0,0,0,0,0,1,0,0,0,0,0,0
12,2022-07-10,76.46000000000001,1004.7300469483567,0.89,0,0,summer,1,196528,436,0,0,0,0,0,0,1,0,0,0,0,0
12,2022-05-27,60.98,961.0211267605632,1.0,1,1,summer,0,196528,436,0,0,0,0,1,0,0,0,0,0,0,0
12,2022-01-05,15.44,1026.8075117370893,0.1,0,0,winter,0,196528,436,1,0,0,0,0,0,0,0,0,0,0,0
13,2022-04-08,46.58,972.3943661971832,0.97,0,0,summer,0,68818,310,0,0,0,1,0,0,0,0,0,0,0,0
11,2022-09-10,64.58000000000001,1028.5915492957747,0.95,1,0,winter,1,121465,398,0,0,0,0,0,0,0,0,1,0,0,0
12,2022-10-06,56.3,1039.9647887323945,0.95,1,0,winter,0,196528,436,0,0,0,0,0,0,0,0,0,1,0,0
12,2022-10-18,52.52,973.9553990610328,0.84,1,1,winter,0,196528,436,0,0,0,0,0,0,0,0,0,1,0,0
13,2022-01-21,17.42,1014.988262910798,0.03,0,0,winter,0,68818,310,1,0,0,0,0,0,0,0,0,0,0,0
11,2022-06-05,74.84,991.1267605633802,0.88,0,0,summer,1,121465,398,0,0,0,0,0,1,0,0,0,0,0,0
13,2022-01-07,6.079999999999998,1027.4765258215962,0.0,0,0,winter,0,68818,310,1,0,0,0,0,0,0,0,0,0,0,0
12,2022-06-29,59.72,975.5164319248828,0.79,1,1,summer,0,196528,436,0,0,0,0,0,1,0,0,0,0,0,0
13,2022-01-27,19.94,1032.1596244131456,0.91,0,0,winter,0,68818,310,1,0,0,0,0,0,0,0,0,0,0,0
12,2022-03-18,40.1,1023.0164319248828,0.88,0,0,winter,0,196528,436,0,0,1,0,0,0,0,0,0,0,0,0
13,2022-03-10,28.58,979.5305164319248,0.99,1,1,winter,0,68818,310,0,0,1,0,0,0,0,0,0,0,0,0
12,2022-07-23,82.75999999999999,985.9976525821596,0.84,1,0,summer,1,196528,436,0,0,0,0,0,0,1,0,0,0,0,0
13,2022-04-05,42.08,1041.0798122065728,0.55,0,0,summer,0,68818,310,0,0,0,1,0,0,0,0,0,0,0,0
12,2022-06-05,77.9,959.237089201878,1.0,1,1,summer,1,196528,436,0,0,0,0,0,1,0,0,0,0,0,0
11,2022-06-26,62.96,1027.2535211267605,0.81,1,0,summer,1,121465,398,0,0,0,0,0,1,0,0,0,0,0,0
12,2022-01-06,25.34,999.8239436619718,0.24,1,1,winter,0,196528,436,1,0,0,0,0,0,0,0,0,0,0,0
11,2022-06-21,63.86,974.4014084507044,0.65,1,1,summer,0,121465,398,0,0,0,0,0,1,0,0,0,0,0,0
13,2022-10-16,53.24,1001.3849765258216,0.53,0,0,winter,1,68818,310,0,0,0,0,0,0,0,0,0,1,0,0
11,2022-08-23,75.38,1043.086854460094,0.94,1,0,summer,0,121465,398,0,0,0,0,0,0,0,1,0,0,0,0
13,2022-02-12,24.08,1009.6361502347418,0.28,0,0,winter,1,68818,310,0,1,0,0,0,0,0,0,0,0,0,0
11,2022-05-15,51.620000000000005,1030.3755868544602,0.93,0,0,summer,1,121465,398,0,0,0,0,1,0,0,0,0,0,0,0
11,2022-07-22,62.96,967.7112676056338,0.95,0,0,summer,0,121465,398,0,0,0,0,0,0,1,0,0,0,0,0
13,2022-06-22,65.66,991.7957746478874,0.69,1,1,summer,0,68818,310,0,0,0,0,0,1,0,0,0,0,0,0
11,2022-07-02,62.96,1037.7347417840376,0.76,1,0,summer,1,121465,398,0,0,0,0,0,0,1,0,0,0,0,0
13,2022-01-28,11.84,999.3779342723004,0.73,0,0,winter,0,68818,310,1,0,0,0,0,0,0,0,0,0,0,0
13,2022-10-17,45.68,1016.549295774648,0.88,0,0,winter,0,68818,310,0,0,0,0,0,0,0,0,0,1,0,0
13,2022-03-08,30.56,1025.9154929577464,0.73,0,0,winter,0,68818,310,0,0,1,0,0,0,0,0,0,0,0,0
11,2022-10-14,57.56,981.537558685446,0.81,1,1,winter,0,121465,398,0,0,0,0,0,0,0,0,0,1,0,0
13,2022-06-03,70.16,1030.8215962441311,0.89,0,1,summer,0,68818,310,0,0,0,0,0,1,0,0,0,0,0,0
11,2022-05-31,59.18,1011.6431924882628,0.93,1,1,summer,0,121465,398,0,0,0,0,1,0,0,0,0,0,0,0
12,2022-10-20,41.0,1021.4553990610328,0.79,0,0,winter,0,196528,436,0,0,0,0,0,0,0,0,0,1,0,0
12,2022-10-23,55.58,970.6103286384975,0.95,1,1,winter,1,196528,436,0,0,0,0,0,0,0,0,0,1,0,0
12,2022-01-28,12.38,971.056338028169,0.23,1,1,winter,0,196528,436,1,0,0,0,0,0,0,0,0,0,0,0
13,2022-08-08,68.9,984.6596244131456,0.69,0,0,summer,0,68818,310,0,0,0,0,0,0,0,1,0,0,0,0
11,2022-03-26,26.06,1031.044600938967,0.86,0,0,winter,1,121465,398,0,0,1,0,0,0,0,0,0,0,0,0
12,2022-09-25,64.4,1030.8215962441311,0.85,1,0,winter,1,196528,436,0,0,0,0,0,0,0,0,1,0,0,0
12,2022-09-13,71.42,993.3568075117372,0.76,0,0,winter,0,196528,436,0,0,0,0,0,0,0,0,1,0,0,0
12,2022-09-24,59.36,1034.1666666666667,0.44,0,0,winter,1,196528,436,0,0,0,0,0,0,0,0,1,0,0,0
13,2022-08-26,78.25999999999999,1025.6924882629107,0.77,0,0,summer,0,68818,310,0,0,0,0,0,0,0,1,0,0,0,0
11,2022-10-23,50.36,971.725352112676,0.92,1,1,winter,1,121465,398,0,0,0,0,0,0,0,0,0,1,0,0
12,2022-06-06,68.9,994.4718309859156,0.88,1,1,summer,0,196528,436,0,0,0,0,0,1,0,0,0,0,0,0
13,2022-01-14,10.94,1000.7159624413146,0.0,1,1,winter,0,68818,310,1,0,0,0,0,0,0,0,0,0,0,0
11,2022-02-12,18.32,1026.8075117370893,0.99,0,0,winter,1,121465,398,0,1,0,0,0,0,0,0,0,0,0,0
11,2022-08-02,73.03999999999999,981.0915492957746,1.0,1,0,summer,0,121465,398,0,0,0,0,0,0,0,1,0,0,0,0
13,2022-04-21,45.32,1020.1173708920188,0.98,1,1,summer,0,68818,310,0,0,0,1,0,0,0,0,0,0,0,0
13,2022-01-25,8.599999999999998,1021.4553990610328,0.0,1,0,winter,0,68818,310,1,0,0,0,0,0,0,0,0,0,0,0
13,2022-03-04,36.68,976.4084507042254,0.67,0,0,winter,0,68818,310,0,0,1,0,0,0,0,0,0,0,0,0
11,2022-10-21,48.56,963.9201877934272,1.0,1,1,winter,0,121465,398,0,0,0,0,0,0,0,0,0,1,0,0
13,2022-10-09,38.48,1000.9389671361504,0.79,1,0,winter,1,68818,310,0,0,0,0,0,0,0,0,0,1,0,0
13,2022-08-14,68.36,994.025821596244,0.49,0,1,summer,1,68818,310,0,0,0,0,0,0,0,1,0,0,0,0
11,2022-01-07,8.240000000000002,1030.3755868544602,0.12,0,0,winter,0,121465,398,1,0,0,0,0,0,0,0,0,0,0,0
13,2022-02-26,13.099999999999998,1004.0610328638496,0.0,1,1,winter,1,68818,310,0,1,0,0,0,0,0,0,0,0,0,0
12,2022-08-27,80.96000000000001,994.9178403755868,0.73,0,0,summer,1,196528,436,0,0,0,0,0,0,0,1,0,0,0,0
13,2022-03-01,35.06,1023.462441314554,0.78,0,0,winter,0,68818,310,0,0,1,0,0,0,0,0,0,0,0,0
12,2022-02-09,25.34,1024.5774647887324,0.9,0,1,winter,0,196528,436,0,1,0,0,0,0,0,0,0,0,0,0
12,2022-01-29,10.94,1008.744131455399,0.92,0,0,winter,1,196528,436,1,0,0,0,0,0,0,0,0,0,0,0
11,2022-09-28,71.6,1004.0610328638496,0.74,1,0,winter,0,121465,398,0,0,0,0,0,0,0,0,1,0,0,0
13,2022-07-08,76.46000000000001,993.8028169014084,0.86,1,0,summer,0,68818,310,0,0,0,0,0,0,1,0,0,0,0,0
11,2022-09-16,71.96000000000001,1000.9389671361504,0.96,0,0,winter,0,121465,398,0,0,0,0,0,0,0,0,1,0,0,0
13,2022-10-11,42.8,1023.9084507042254,0.85,1,0,winter,0,68818,310,0,0,0,0,0,0,0,0,0,1,0,0
13,2022-05-15,58.46,982.8755868544602,0.78,0,0,summer,1,68818,310,0,0,0,0,1,0,0,0,0,0,0,0
11,2022-03-22,31.28,965.2582159624412,0.76,1,1,winter,0,121465,398,0,0,1,0,0,0,0,0,0,0,0,0
11,2022-08-10,75.2,1032.1596244131456,0.97,0,0,summer,0,121465,398,0,0,0,0,0,0,0,1,0,0,0,0
12,2022-03-23,31.46,965.2582159624412,0.69,0,0,winter,0,196528,436,0,0,1,0,0,0,0,0,0,0,0,0
12,2022-05-15,66.56,990.2347417840376,1.0,0,0,summer,1,196528,436,0,0,0,0,1,0,0,0,0,0,0,0
12,2022-07-12,64.58000000000001,1021.9014084507044,1.0,1,0,summer,0,196528,436,0,0,0,0,0,0,1,0,0,0,0,0
12,2022-04-27,46.94,967.488262910798,0.39,0,0,summer,0,196528,436,0,0,0,1,0,0,0,0,0,0,0,0
12,2022-08-15,76.46000000000001,1016.549295774648,0.94,0,0,summer,0,196528,436,0,0,0,0,0,0,0,1,0,0,0,0
12,2022-04-11,49.1,1014.0962441314554,0.6,1,0,summer,0,196528,436,0,0,0,1,0,0,0,0,0,0,0,0
13,2022-03-25,32.54,968.8262910798122,0.98,1,1,winter,0,68818,310,0,0,1,0,0,0,0,0,0,0,0,0
12,2022-01-17,17.78,1037.2887323943662,0.83,0,0,winter,0,196528,436,1,0,0,0,0,0,0,0,0,0,0,0
11,2022-03-27,35.6,1032.3826291079813,0.18,0,0,winter,1,121465,398,0,0,1,0,0,0,0,0,0,0,0,0
12,2022-06-04,71.6,1026.361502347418,0.97,1,0,summer,1,196528,436,0,0,0,0,0,1,0,0,0,0,0,0
11,2022-10-01,47.3,1027.030516431925,0.99,0,0,winter,1,121465,398,0,0,0,0,0,0,0,0,0,1,0,0
11,2022-01-16,20.3,1000.4929577464789,0.81,0,0,winter,1,121465,398,1,0,0,0,0,0,0,0,0,0,0,0
13,2022-06-15,59.540000000000006,993.5798122065728,0.98,0,0,summer,0,68818,310,0,0,0,0,0,1,0,0,0,0,0,0
13,2022-04-02,36.14,999.8239436619718,0.87,0,0,summer,1,68818,310,0,0,0,1,0,0,0,0,0,0,0,0
13,2022-07-19,76.28,1016.3262910798122,0.94,0,0,summer,0,68818,310,0,0,0,0,0,0,1,0,0,0,0,0
11,2022-08-24,64.22,985.3286384976526,0.55,0,0,summer,0,121465,398,0,0,0,0,0,0,0,1,0,0,0,0
12,2022-01-18,22.64,1021.9014084507044,0.0,0,0,winter,0,196528,436,1,0,0,0,0,0,0,0,0,0,0,0
12,2022-09-21,66.92,976.4084507042254,0.97,0,0,winter,0,196528,436,0,0,0,0,0,0,0,0,1,0,0,0
12,2022-08-01,61.88,998.262910798122,0.98,0,0,summer,0,196528,436,0,0,0,0,0,0,0,1,0,0,0,0
13,2022-02-17,6.259999999999998,1024.3544600938967,0.0,0,0,winter,0,68818,310,0,1,0,0,0,0,0,0,0,0,0,0
12,2022-09-14,55.22,1029.2605633802816,0.62,0,0,winter,0,196528,436,0,0,0,0,0,0,0,0,1,0,0,0
13,2022-04-13,42.98,1042.4178403755868,0.32,0,0,summer,0,68818,310,0,0,0,1,0,0,0,0,0,0,0,0
11,2022-01-30,15.8,1013.8732394366198,0.09,0,0,winter,1,121465,398,1,0,0,0,0,0,0,0,0,0,0,0
13,2022-03-21,36.14,1018.556338028169,0.36,0,0,winter,0,68818,310,0,0,1,0,0,0,0,0,0,0,0,0
12,2022-09-26,55.400000000000006,1028.1455399061033,0.59,1,0,winter,0,196528,436,0,0,0,0,0,0,0,0,1,0,0,0
11,2022-02-20,22.64,1006.2910798122066,0.98,1,0,winter,1,121465,398,0,1,0,0,0,0,0,0,0,0,0,0
12,2022-02-25,13.459999999999996,966.3732394366198,0.05,0,0,winter,0,196528,436,0,1,0,0,0,0,0,0,0,0,0,0
11,2022-09-29,64.75999999999999,1015.6572769953052,0.95,0,0,winter,0,121465,398,0,0,0,0,0,0,0,0,1,0,0,0
13,2022-01-04,5.899999999999999,959.4600938967136,0.0,0,0,winter,0,68818,310,1,0,0,0,0,0,0,0,0,0,0,0
12,2022-01-11,9.86,994.025821596244,0.18,0,0,winter,0,196528,436,1,0,0,0,0,0,0,0,0,0,0,0
13,2022-05-02,58.28,976.631455399061,0.87,1,1,summer,0,68818,310,0,0,0,0,1,0,0,0,0,0,0,0
12,2022-01-10,22.1,991.1267605633802,0.87,1,0,winter,0,196528,436,1,0,0,0,0,0,0,0,0,0,0,0
13,2022-07-22,60.620000000000005,964.3661971830986,0.8,1,1,summer,0,68818,310,0,0,0,0,0,0,1,0,0,0,0,0
12,2022-06-22,65.30000000000001,992.4647887323944,0.95,0,0,summer,0,196528,436,0,0,0,0,0,1,0,0,0,0,0,0
13,2022-08-01,63.14,1015.4342723004696,1.0,0,0,summer,0,68818,310,0,0,0,0,0,0,0,1,0,0,0,0
12,2022-07-31,79.52,1025.6924882629107,1.0,1,0,summer,1,196528,436,0,0,0,0,0,0,1,0,0,0,0,0
13,2022-04-20,38.12,1017.4413145539908,0.79,1,0,summer,0,68818,310,0,0,0,1,0,0,0,0,0,0,0,0
11,2022-04-17,42.08,1004.0610328638496,0.55,0,0,summer,1,121465,398,0,0,0,1,0,0,0,0,0,0,0,0
13,2022-10-04,38.48,986.2206572769952,0.15,0,0,winter,0,68818,310,0,0,0,0,0,0,0,0,0,1,0,0
11,2022-09-02,68.53999999999999,989.7887323943662,0.99,1,1,winter,0,121465,398,0,0,0,0,0,0,0,0,1,0,0,0
11,2022-05-26,48.74,958.7910798122066,0.94,1,1,summer,0,121465,398,0,0,0,0,1,0,0,0,0,0,0,0
11,2022-03-31,36.68,1019.8943661971832,0.88,1,1,winter,0,121465,398,0,0,1,0,0,0,0,0,0,0,0,0
13,2022-10-22,51.44,987.5586854460092,0.93,0,0,winter,1,68818,310,0,0,0,0,0,0,0,0,0,1,0,0
13,2022-06-04,66.92,984.43661971831,0.96,1,1,summer,1,68818,310,0,0,0,0,0,1,0,0,0,0,0,0
11,2022-10-29,46.58,1028.368544600939,0.82,0,0,winter,1,121465,398,0,0,0,0,0,0,0,0,0,1,0,0
13,2022-02-11,19.4,962.5821596244132,0.8,1,1,winter,0,68818,310,0,1,0,0,0,0,0,0,0,0,0,0
12,2022-06-07,73.58000000000001,1006.737089201878,0.89,0,0,summer,0,196528,436,0,0,0,0,0,1,0,0,0,0,0,0
12,2022-10-10,51.08,1016.9953051643192,0.9,1,1,winter,0,196528,436,0,0,0,0,0,0,0,0,0,1,0,0
11,2022-06-03,73.75999999999999,1015.2112676056338,0.99,1,1,summer,0,121465,398,0,0,0,0,0,1,0,0,0,0,0,0
12,2022-08-20,66.38,1038.849765258216,0.98,0,0,summer,1,196528,436,0,0,0,0,0,0,0,1,0,0,0,0
11,2022-07-12,75.02,1024.131455399061,1.0,1,0,summer,0,121465,398,0,0,0,0,0,0,1,0,0,0,0,0
11,2022-05-10,64.03999999999999,1004.9530516431925,0.72,0,0,summer,0,121465,398,0,0,0,0,1,0,0,0,0,0,0,0
12,2022-10-17,48.74,1033.943661971831,0.3,1,0,winter,0,196528,436,0,0,0,0,0,0,0,0,0,1,0,0
13,2022-09-07,62.6,1034.1666666666667,0.76,1,0,winter,0,68818,310,0,0,0,0,0,0,0,0,1,0,0,0
12,2022-09-16,71.96000000000001,967.7112676056338,0.85,0,0,winter,0,196528,436,0,0,0,0,0,0,0,0,1,0,0,0
13,2022-10-26,37.94,1021.4553990610328,0.76,1,1,winter,0,68818,310,0,0,0,0,0,0,0,0,0,1,0,0
11,2022-03-21,36.86,992.9107981220656,0.43,1,1,winter,0,121465,398,0,0,1,0,0,0,0,0,0,0,0,0
12,2022-05-16,67.82,967.488262910798,0.62,0,0,summer,0,196528,436,0,0,0,0,1,0,0,0,0,0,0,0
12,2022-04-20,53.78,961.6901408450703,0.98,1,1,summer,0,196528,436,0,0,0,1,0,0,0,0,0,0,0,0
13,2022-05-09,52.88,965.9272300469484,0.43,0,0,summer,0,68818,310,0,0,0,0,1,0,0,0,0,0,0,0
11,2022-07-07,65.12,957.4530516431925,0.64,0,0,summer,0,121465,398,0,0,0,0,0,0,1,0,0,0,0,0
12,2022-10-01,53.42,962.5821596244132,0.9,1,1,winter,1,196528,436,0,0,0,0,0,0,0,0,0,1,0,0
12,2022-08-06,77.18,1014.7652582159624,0.89,1,0,summer,1,196528,436,0,0,0,0,0,0,0,1,0,0,0,0
11,2022-07-05,70.7,985.1056338028168,0.78,0,0,summer,0,121465,398,0,0,0,0,0,0,1,0,0,0,0,0
11,2022-09-25,59.36,980.4225352112676,0.97,0,0,winter,1,121465,398,0,0,0,0,0,0,0,0,1,0,0,0
12,2022-07-26,65.30000000000001,1040.4107981220657,0.59,0,0,summer,0,196528,436,0,0,0,0,0,0,1,0,0,0,0,0
12,2022-05-24,48.2,1039.9647887323945,1.0,1,0,summer,0,196528,436,0,0,0,0,1,0,0,0,0,0,0,0
11,2022-07-06,75.2,959.0140845070424,0.84,0,0,summer,0,121465,398,0,0,0,0,0,0,1,0,0,0,0,0
11,2022-08-12,66.74000000000001,964.5892018779344,0.99,0,0,summer,0,121465,398,0,0,0,0,0,0,0,1,0,0,0,0
11,2022-10-09,43.88,983.5446009389672,0.82,1,1,winter,1,121465,398,0,0,0,0,0,0,0,0,0,1,0,0
11,2022-06-11,75.02,958.1220657276996,0.97,1,1,summer,1,121465,398,0,0,0,0,0,1,0,0,0,0,0,0
12,2022-06-14,78.08000000000001,1009.413145539906,0.91,1,1,summer,0,196528,436,0,0,0,0,0,1,0,0,0,0,0,0
11,2022-08-06,76.64,1041.7488262910797,1.0,0,0,summer,1,121465,398,0,0,0,0,0,0,0,1,0,0,0,0
11,2022-01-19,15.259999999999998,1032.605633802817,0.37,0,0,winter,0,121465,398,1,0,0,0,0,0,0,0,0,0,0,0
11,2022-03-28,28.76,961.4671361502348,0.23,0,0,winter,0,121465,398,0,0,1,0,0,0,0,0,0,0,0,0
12,2022-10-24,60.620000000000005,1032.605633802817,0.65,0,0,winter,0,196528,436,0,0,0,0,0,0,0,0,0,1,0,0
11,2022-03-30,26.6,1017.887323943662,0.05,0,0,winter,0,121465,398,0,0,1,0,0,0,0,0,0,0,0,0
12,2022-10-22,39.56,1031.7136150234742,0.54,1,0,winter,1,196528,436,0,0,0,0,0,0,0,0,0,1,0,0
13,2022-05-29,51.08,1040.18779342723,0.78,0,0,summer,1,68818,310,0,0,0,0,1,0,0,0,0,0,0,0
13,2022-07-12,66.92,986.8896713615025,0.48,0,0,summer,0,68818,310,0,0,0,0,0,0,1,0,0,0,0,0
11,2022-08-30,59.0,1036.173708920188,0.72,0,0,summer,0,121465,398,0,0,0,0,0,0,0,1,0,0,0,0
11,2022-10-12,41.72,957.4530516431925,0.76,1,1,winter,0,121465,398,0,0,0,0,0,0,0,0,0,1,0,0
12,2022-01-14,17.42,991.349765258216,0.28,1,0,winter,0,196528,436,1,0,0,0,0,0,0,0,0,0,0,0
13,2022-01-30,19.4,1018.3333333333334,0.0,1,0,winter,1,68818,310,1,0,0,0,0,0,0,0,0,0,0,0
12,2022-04-14,51.08,973.5093896713616,0.97,1,1,summer,0,196528,436,0,0,0,1,0,0,0,0,0,0,0,0
11,2022-08-11,59.18,978.1924882629108,0.99,1,1,summer,0,121465,398,0,0,0,0,0,0,0,1,0,0,0,0
13,2022-03-20,28.58,996.4788732394368,0.6,0,0,winter,1,68818,310,0,0,1,0,0,0,0,0,0,0,0,0
11,2022-02-09,16.88,966.3732394366198,0.19,0,0,winter,0,121465,398,0,1,0,0,0,0,0,0,0,0,0,0
11,2022-01-26,12.02,1043.3098591549297,0.1,0,0,winter,0,121465,398,1,0,0,0,0,0,0,0,0,0,0,0
12,2022-03-02,30.92,982.206572769953,0.01,0,0,winter,0,196528,436,0,0,1,0,0,0,0,0,0,0,0,0
11,2022-05-12,66.74000000000001,963.6971830985916,0.64,0,0,summer,0,121465,398,0,0,0,0,1,0,0,0,0,0,0,0
12,2022-04-26,36.14,1014.3192488262912,0.33,1,0,summer,0,196528,436,0,0,0,1,0,0,0,0,0,0,0,0
11,2022-09-14,59.72,973.5093896713616,0.62,1,1,winter,0,121465,398,0,0,0,0,0,0,0,0,1,0,0,0
13,2022-05-22,57.92,963.2511737089202,0.99,1,1,summer,1,68818,310,0,0,0,0,1,0,0,0,0,0,0,0
12,2022-05-28,57.02,957.899061032864,0.99,1,1,summer,1,196528,436,0,0,0,0,1,0,0,0,0,0,0,0
11,2022-08-17,60.26,962.5821596244132,0.45,0,0,summer,0,121465,398,0,0,0,0,0,0,0,1,0,0,0,0
11,2022-08-16,70.7,1035.9507042253522,0.83,1,0,summer,0,121465,398,0,0,0,0,0,0,0,1,0,0,0,0
12,2022-02-16,14.54,985.1056338028168,0.0,0,0,winter,0,196528,436,0,1,0,0,0,0,0,0,0,0,0,0
12,2022-02-24,14.54,1023.9084507042254,0.0,0,0,winter,0,196528,436,0,1,0,0,0,0,0,0,0,0,0,0
11,2022-08-09,68.9,997.593896713615,0.78,0,0,summer,0,121465,398,0,0,0,0,0,0,0,1,0,0,0,0
11,2022-03-06,28.22,1004.0610328638496,0.75,1,1,winter,1,121465,398,0,0,1,0,0,0,0,0,0,0,0,0
13,2022-05-08,61.88,1018.556338028169,0.6,1,1,summer,1,68818,310,0,0,0,0,1,0,0,0,0,0,0,0
11,2022-09-30,46.76,964.5892018779344,0.91,1,1,winter,0,121465,398,0,0,0,0,0,0,0,0,1,0,0,0
12,2022-07-20,82.75999999999999,965.0352112676056,0.97,1,1,summer,0,196528,436,0,0,0,0,0,0,1,0,0,0,0,0
13,2022-02-28,31.82,983.9906103286384,0.98,1,1,winter,0,68818,310,0,1,0,0,0,0,0,0,0,0,0,0
12,2022-07-17,66.2,1011.1971830985916,0.64,0,0,summer,1,196528,436,0,0,0,0,0,0,1,0,0,0,0,0
12,2022-04-06,42.44,1016.549295774648,0.46,0,0,summer,0,196528,436,0,0,0,1,0,0,0,0,0,0,0,0
13,2022-04-03,45.5,964.1431924882628,0.79,0,0,summer,1,68818,310,0,0,0,1,0,0,0,0,0,0,0,0
12,2022-09-09,71.42,996.924882629108,0.88,0,0,winter,0,196528,436,0,0,0,0,0,0,0,0,1,0,0,0
11,2022-05-01,48.56,984.8826291079812,0.86,1,1,summer,1,121465,398,0,0,0,0,1,0,0,0,0,0,0,0
13,2022-03-03,31.64,1007.8521126760564,0.57,0,0,winter,0,68818,310,0,0,1,0,0,0,0,0,0,0,0,0
11,2022-04-27,36.14,989.1197183098592,0.3,0,0,summer,0,121465,398,0,0,0,1,0,0,0,0,0,0,0,0
12,2022-10-05,41.18,993.8028169014084,0.98,0,0,winter,0,196528,436,0,0,0,0,0,0,0,0,0,1,0,0
12,2022-05-14,60.08,1007.406103286385,0.76,1,1,summer,1,196528,436,0,0,0,0,1,0,0,0,0,0,0,0
13,2022-10-10,39.56,1014.7652582159624,0.87,1,0,winter,0,68818,310,0,0,0,0,0,0,0,0,0,1,0,0
12,2022-03-08,41.54,1012.7582159624412,0.46,0,0,winter,0,196528,436,0,0,1,0,0,0,0,0,0,0,0,0
13,2022-09-14,70.7,997.3708920187794,0.95,0,0,winter,0,68818,310,0,0,0,0,0,0,0,0,1,0,0,0
12,2022-10-09,59.0,1005.1760563380282,0.74,0,0,winter,1,196528,436,0,0,0,0,0,0,0,0,0,1,0,0
13,2022-06-01,61.34,980.868544600939,0.77,0,0,summer,0,68818,310,0,0,0,0,0,1,0,0,0,0,0,0
13,2022-07-15,82.22,1013.650234741784,0.87,0,0,summer,0,68818,310,0,0,0,0,0,0,1,0,0,0,0,0
12,2022-06-25,69.44,973.9553990610328,0.94,1,1,summer,1,196528,436,0,0,0,0,0,1,0,0,0,0,0,0
11,2022-01-24,15.079999999999998,966.8192488262912,0.71,1,1,winter,0,121465,398,1,0,0,0,0,0,0,0,0,0,0,0
12,2022-06-09,68.36,990.4577464788732,0.97,1,1,summer,0,196528,436,0,0,0,0,0,1,0,0,0,0,0,0
12,2022-07-21,75.56,1008.075117370892,0.7,0,0,summer,0,196528,436,0,0,0,0,0,0,1,0,0,0,0,0
13,2022-02-16,16.159999999999997,973.9553990610328,0.97,1,1,winter,0,68818,310,0,1,0,0,0,0,0,0,0,0,0,0
13,2022-05-27,59.72,1045.093896713615,0.68,1,0,summer,0,68818,310,0,0,0,0,1,0,0,0,0,0,0,0
13,2022-10-03,50.72,964.1431924882628,0.66,1,1,winter,0,68818,310,0,0,0,0,0,0,0,0,0,1,0,0
12,2022-06-20,71.78,973.06338028169,0.93,1,1,summer,0,196528,436,0,0,0,0,0,1,0,0,0,0,0,0
12,2022-03-01,25.88,1014.0962441314554,0.76,1,1,winter,0,196528,436,0,0,1,0,0,0,0,0,0,0,0,0
13,2022-10-05,51.26,1040.4107981220657,0.87,1,0,winter,0,68818,310,0,0,0,0,0,0,0,0,0,1,0,0
13,2022-04-11,35.96,1023.6854460093896,0.86,0,0,summer,0,68818,310,0,0,0,1,0,0,0,0,0,0,0,0
12,2022-08-16,81.32,1032.8286384976525,0.8,0,0,summer,0,196528,436,0,0,0,0,0,0,0,1,0,0,0,0
12,2022-01-23,23.36,1012.7582159624412,0.82,1,0,winter,1,196528,436,1,0,0,0,0,0,0,0,0,0,0,0
11,2022-04-02,44.78,965.7042253521126,0.92,1,1,summer,1,121465,398,0,0,0,1,0,0,0,0,0,0,0,0
11,2022-09-04,59.72,979.3075117370892,0.89,0,0,winter,1,121465,398,0,0,0,0,0,0,0,0,1,0,0,0
11,2022-05-19,47.66,1025.0234741784038,1.0,1,1,summer,0,121465,398,0,0,0,0,1,0,0,0,0,0,0,0
11,2022-09-21,70.88,1039.2957746478874,0.84,1,0,winter,0,121465,398,0,0,0,0,0,0,0,0,1,0,0,0
13,2022-05-12,53.06,1002.5,0.76,0,0,summer,0,68818,310,0,0,0,0,1,0,0,0,0,0,0,0
12,2022-06-01,80.42,1034.8356807511736,0.95,0,0,summer,0,196528,436,0,0,0,0,0,1,0,0,0,0,0,0
12,2022-02-17,17.42,984.2136150234742,0.0,0,0,winter,0,196528,436,0,1,0,0,0,0,0,0,0,0,0,0
13,2022-08-21,58.64,983.0985915492956,0.66,0,0,summer,1,68818,310,0,0,0,0,0,0,0,1,0,0,0,0
13,2022-02-27,20.3,973.9553990610328,0.9,1,1,winter,1,68818,310,0,1,0,0,0,0,0,0,0,0,0,0
13,2022-05-20,65.48,980.199530516432,0.58,0,0,summer,0,68818,310,0,0,0,0,1,0,0,0,0,0,0,0
12,2022-04-04,48.74,1037.7347417840376,0.95,0,0,summer,0,196528,436,0,0,0,1,0,0,0,0,0,0,0,0
12,2022-01-26,16.340000000000003,977.300469483568,1.0,1,1,winter,0,196528,436,1,0,0,0,0,0,0,0,0,0,0,0
11,2022-05-21,62.42,965.2582159624412,0.85,0,0,summer,1,121465,398,0,0,0,0,1,0,0,0,0,0,0,0
12,2022-03-20,27.5,985.3286384976526,0.21,0,0,winter,1,196528,436,0,0,1,0,0,0,0,0,0,0,0,0
12,2022-07-14,77.0,1036.173708920188,0.92,1,0,summer,0,196528,436,0,0,0,0,0,0,1,0,0,0,0,0
12,2022-10-04,54.32,1039.0727699530516,0.8,0,0,winter,0,196528,436,0,0,0,0,0,0,0,0,0,1,0,0
12,2022-03-25,45.86,975.962441314554,0.34,0,0,winter,0,196528,436,0,0,1,0,0,0,0,0,0,0,0,0
11,2022-01-03,11.84,976.4084507042254,0.71,1,1,winter,0,121465,398,1,0,0,0,0,0,0,0,0,0,0,0
11,2022-07-31,63.31999999999999,1018.1103286384975,0.97,1,1,summer,1,121465,398,0,0,0,0,0,0,1,0,0,0,0,0
11,2022-06-01,73.4,1031.7136150234742,1.0,0,0,summer,0,121465,398,0,0,0,0,0,1,0,0,0,0,0,0
13,2022-09-26,64.58000000000001,1026.361502347418,0.88,0,0,winter,0,68818,310,0,0,0,0,0,0,0,0,1,0,0,0
11,2022-10-26,53.06,979.7535211267606,0.76,1,1,winter,0,121465,398,0,0,0,0,0,0,0,0,0,1,0,0
11,2022-09-13,52.16,1031.4906103286385,0.97,0,0,winter,0,121465,398,0,0,0,0,0,0,0,0,1,0,0,0
11,2022-03-10,24.44,1025.2464788732395,0.9,0,0,winter,0,121465,398,0,0,1,0,0,0,0,0,0,0,0,0
13,2022-06-16,77.9,1008.5211267605632,1.0,1,1,summer,0,68818,310,0,0,0,0,0,1,0,0,0,0,0,0
13,2022-02-24,23.72,1022.793427230047,0.93,1,0,winter,0,68818,310,0,1,0,0,0,0,0,0,0,0,0,0
11,2022-04-04,39.74,1036.3967136150234,0.17,0,0,summer,0,121465,398,0,0,0,1,0,0,0,0,0,0,0,0
12,2022-10-03,43.34,965.7042253521126,0.91,0,0,winter,0,196528,436,0,0,0,0,0,0,0,0,0,1,0,0
13,2022-07-16,66.02,1024.5774647887324,0.87,0,0,summer,1,68818,310,0,0,0,0,0,0,1,0,0,0,0,0
13,2022-03-24,21.2,1041.3028169014085,0.88,1,1,winter,0,68818,310,0,0,1,0,0,0,0,0,0,0,0,0
13,2022-06-24,75.56,1033.0516431924882,0.68,0,0,summer,0,68818,310,0,0,0,0,0,1,0,0,0,0,0,0
11,2022-07-27,78.80000000000001,970.6103286384975,0.78,1,1,summer,0,121465,398,0,0,0,0,0,0,1,0,0,0,0,0
12,2022-05-11,61.7,1022.5704225352112,0.76,1,1,summer,0,196528,436,0,0,0,0,1,0,0,0,0,0,0,0
